scenario_name,epoch_time,true_x,true_y,true_z,spp_x,spp_y,spp_z,pred_error_x,pred_error_y,pred_error_z,compensated_x,compensated_y,compensated_z,error_before,error_after,improvement_m,improvement_percent
scenario_3_elevation_mask,2026-05-03 01:39:30,-2200000.0,4950000.0,3300000.0,-2200006.3138922476,4950002.3425436225,3300004.0443609618,1.9272035208605303,-4.1766378603518985,-1.7649060914452548,-2200004.386688727,4949998.165905762,3300002.27945487,7.855545908899878,5.272841185205414,2.582704723694464,32.87746967105633
scenario_3_elevation_mask,2026-05-03 01:41:00,-2200000.0,4950000.0,3300000.0,-2200001.2345689363,4949994.937443226,3300000.484824603,-0.6675114769229822,2.819770733853389,1.576469245600606,-2200001.9020804134,4949997.7572139595,3300002.061293849,5.233421103603707,3.5912297968481455,1.6421913067555614,31.378925453271034
scenario_3_elevation_mask,2026-05-03 00:48:00,-2200000.0,4950000.0,3300000.0,-2199997.5497045727,4950001.04821694,3300000.4544445514,0.020294677698984742,-0.3898890939356807,0.06489384203911186,-2199997.5294098947,4950000.658327846,3300000.5193383936,2.70355807865492,2.609008123404227,0.09454995525069299,3.4972415054509827
scenario_2_different_seed,2026-05-01 01:24:30,-2350000.0,5100000.0,3150000.0,-2349998.322186565,5099999.0620974945,3150000.5522222733,-0.3586882010312138,0.7985553663859442,0.7993262336510156,-2349998.680874766,5099999.860652861,3150001.351548507,1.9999171161727276,1.8937244717515085,0.10619264442121912,5.309852271500212
scenario_3_elevation_mask,2026-05-03 00:20:00,-2200000.0,4950000.0,3300000.0,-2200000.2406645957,4949997.497421371,3300004.751560667,1.205502601166927,-1.1262563455742622,-0.5946533188396756,-2199999.0351619944,4949996.371165025,3300004.1569073484,5.375699769859198,5.601717089955899,-0.22601732009670084,-4.204426024011768
scenario_3_elevation_mask,2026-05-03 01:42:00,-2200000.0,4950000.0,3300000.0,-2200002.0051307464,4950006.036618794,3300008.8226577686,3.231281077554968,-7.6887670472081915,-3.885077955900215,-2199998.773849669,4949998.347851747,3300004.9375798125,10.876608197417669,5.349087108085474,5.527521089332195,50.82026481973069
scenario_3_elevation_mask,2026-05-03 00:44:00,-2200000.0,4950000.0,3300000.0,-2199997.8858402474,4949992.145304881,3299998.534044131,-2.220544269211814,6.2358567957080115,3.875961739655679,-2200000.1063845167,4949998.381161677,3300002.4100058707,8.265284839665421,2.9051821766144466,5.3601026630509745,64.85079180003132
scenario_1_default,2026-04-01 00:51:30,-2267800.0,5009340.0,3221000.0,-2267799.18175397,5009338.234466336,3220997.7681313516,-1.1455447030569985,2.302558995641192,1.9926814606277503,-2267800.3272986733,5009340.5370253315,3220999.760812812,2.961059497675722,0.6728529848005593,2.2882065128751625,77.27661381580768
scenario_2_different_seed,2026-05-01 00:13:30,-2350000.0,5100000.0,3150000.0,-2350000.0032185405,5099999.804364903,3150001.1961878454,-0.0009729451076054829,-0.5716678291135739,-0.35910087020624815,-2350000.0041914857,5099999.232697073,3150000.837086975,1.2120844903627859,1.135555350330335,0.07652914003245082,6.31384533346723
scenario_1_default,2026-04-01 00:50:30,-2267800.0,5009340.0,3221000.0,-2267799.291201139,5009339.087757835,3220999.7663439456,-0.6351593635487234,0.619329118382522,0.7816078692052315,-2267799.9263605024,5009339.707086953,3221000.5479518147,1.1786334224789679,0.625677248883879,0.5529561735950889,46.915025744992064
scenario_3_elevation_mask,2026-05-03 00:00:30,-2200000.0,4950000.0,3300000.0,-2200006.7237010347,4950002.657568489,3299999.6070441776,2.2763037137063975,-1.9926770736433177,-1.5753609980256442,-2200004.447397321,4950000.664891415,3299998.0316831795,7.240527615914081,4.908736561538535,2.331791054375546,32.20471183965188
scenario_3_elevation_mask,2026-05-03 00:08:30,-2200000.0,4950000.0,3300000.0,-2199994.365585853,4949994.727194995,3299999.1490354855,-0.5677440797699091,5.083965023561285,2.441936687514044,-2199994.933329933,4949999.811160019,3300001.590972173,7.763583966848852,5.313943786226747,2.4496401806221053,31.552955324271263
scenario_1_default,2026-04-01 00:28:30,-2267800.0,5009340.0,3221000.0,-2267800.5953507675,5009337.840156364,3221001.838899854,-0.46423615704145504,-0.007648691716067191,0.5463434522760622,-2267801.0595869245,5009337.832507673,3221002.3852433064,2.8984340152300985,3.392658702275878,-0.4942246870457794,-17.051438274903916
scenario_2_different_seed,2026-05-01 00:35:30,-2350000.0,5100000.0,3150000.0,-2350000.752064024,5100001.940298091,3150002.9537225137,0.6138402001779468,-2.506463967961883,-1.7157898966067933,-2350000.138223824,5099999.4338341225,3150001.2379326173,3.6131473351202414,1.368256844090234,2.2448904910300076,62.131163852893366
scenario_1_default,2026-04-01 01:19:30,-2267800.0,5009340.0,3221000.0,-2267800.4983226173,5009341.117775811,3221000.012954066,0.40553207117534384,-0.9000847013829318,-0.8449849635568967,-2267800.092790546,5009340.2176911095,3220999.1679691025,1.2238937870977136,0.8650288544061147,0.3588649326915989,29.32157483555783
scenario_1_default,2026-04-01 00:50:00,-2267800.0,5009340.0,3221000.0,-2267798.9316723007,5009339.492440291,3221000.215400609,-0.4328237400627586,0.3458418806381971,0.5734974672890303,-2267799.3644960406,5009339.838282172,3221000.7888980764,1.2022222565035685,1.0258548207887583,0.17636743571481017,14.670119003431264
scenario_1_default,2026-04-01 01:07:00,-2267800.0,5009340.0,3221000.0,-2267799.604704095,5009338.746835514,3221001.963035042,-0.23700588228143715,-0.0003783440465365828,0.11540158742360518,-2267799.8417099775,5009338.74645717,3221002.0784366294,2.3622418710549486,2.4323495186379787,-0.07010764758303001,-2.9678437437789036
scenario_1_default,2026-04-01 00:25:30,-2267800.0,5009340.0,3221000.0,-2267801.9697686466,5009338.240802768,3220999.735893698,-0.718088242357453,0.2969773882699567,0.7178459174904219,-2267802.687856889,5009338.537780156,3221000.4537396156,2.654150629155524,3.0933058634634873,-0.4391552343079632,-16.545980076785995
scenario_3_elevation_mask,2026-05-03 01:55:30,-2200000.0,4950000.0,3300000.0,-2200001.903278747,4950004.294665626,3300008.9198000203,1.9013640661780755,-5.581107159245241,-1.9930653974092252,-2200000.001914681,4949998.713558467,3300006.926734623,10.081143547853552,7.0451819012352,3.035961646618352,30.115250638056434
scenario_3_elevation_mask,2026-05-03 01:49:30,-2200000.0,4950000.0,3300000.0,-2200006.67753536,4949995.395125406,3299998.6151022823,-0.8452948707561063,3.0104867863463856,1.8258307892228345,-2200007.522830231,4949998.405612192,3300000.4409330715,8.228747790717096,7.7025625048868,0.5261852858302953,6.394475796474019
scenario_3_elevation_mask,2026-05-03 01:25:30,-2200000.0,4950000.0,3300000.0,-2200000.9606184126,4950011.833919571,3300006.8723604362,5.030562177587058,-12.040384808394908,-7.502949652603149,-2199995.930056235,4949999.793534762,3299999.3694107835,13.71837374137327,4.123677109821549,9.59469663155172,69.94048137509957
scenario_3_elevation_mask,2026-05-03 00:54:30,-2200000.0,4950000.0,3300000.0,-2199999.5545697697,4949999.958151339,3300002.2667392953,0.09908790766201037,-0.6430419133990597,0.13720580858938547,-2199999.455481862,4949999.315109425,3300002.4039451038,2.3104688774274478,2.5582273479280957,-0.24775847050064792,-10.723298327935513
scenario_2_different_seed,2026-05-01 00:57:00,-2350000.0,5100000.0,3150000.0,-2349997.969894784,5100001.372089402,3149999.689509096,-0.14626649052434004,-0.13966395117359554,-0.13946392200051605,-2349998.1161612747,5100001.23242545,3149999.550045174,2.4698909117356966,2.2956872998913447,0.17420361184435196,7.053089309192677
scenario_1_default,2026-04-01 00:09:00,-2267800.0,5009340.0,3221000.0,-2267799.6935458328,5009339.731218638,3221001.5018641744,0.10497321524781,-0.31632195973376476,-0.35146684318334565,-2267799.5885726176,5009339.414896678,3221001.150397331,1.5561984370632211,1.3546336801224237,0.20156475694079745,12.952381402026097
scenario_3_elevation_mask,2026-05-03 01:29:30,-2200000.0,4950000.0,3300000.0,-2200003.2035157466,4950008.477471505,3299995.0084563256,1.3518730651964006,-2.0644006571022704,-1.7147555102637853,-2200001.8516426813,4950006.413070848,3299993.293700815,10.346281675807326,9.462056176100372,0.8842254997069539,8.546311877189032
scenario_1_default,2026-04-01 01:22:30,-2267800.0,5009340.0,3221000.0,-2267800.2396601834,5009339.617329156,3221000.1459169686,-0.008481859435164552,0.3444327178126443,-0.023061292524062083,-2267800.2481420427,5009339.961761874,3221000.122855676,0.47451632223949897,0.279517700154707,0.19499862208479196,41.09418642639901
scenario_3_elevation_mask,2026-05-03 01:55:00,-2200000.0,4950000.0,3300000.0,-2199994.9195335647,4949996.709441542,3299989.816292796,-2.371927065489558,5.289167966406017,3.926918325802262,-2199997.29146063,4950001.998609508,3299993.7432111218,11.846805754639007,7.104789409446014,4.742016345192993,40.02780532917998
scenario_3_elevation_mask,2026-05-03 00:17:30,-2200000.0,4950000.0,3300000.0,-2200005.0739126825,4949999.507946455,3300001.720323149,1.2991838964776434,-1.695499064757156,-1.06565462537219,-2200003.774728786,4949997.8124473905,3300000.654668524,5.3801689878675,4.4116385510194,0.9685304368481003,18.001859031420313
scenario_1_default,2026-04-01 00:11:30,-2267800.0,5009340.0,3221000.0,-2267799.768005412,5009340.038793552,3221000.744193719,-0.01872715590820917,-0.25030198147732996,-0.2071805861340863,-2267799.786732568,5009339.78849157,3221000.5370131326,0.7804810821146735,0.6153063610497274,0.16517472106494613,21.163193426471487
scenario_1_default,2026-04-01 01:20:00,-2267800.0,5009340.0,3221000.0,-2267799.680948816,5009338.054704849,3221002.0739591233,-0.14144125712016375,0.746722706535067,0.3115882725525694,-2267799.822390073,5009338.801427555,3221002.385547396,2.861341176653984,2.675622837589101,0.1857183390648829,6.49060449624744
scenario_2_different_seed,2026-05-01 00:19:30,-2350000.0,5100000.0,3150000.0,-2349997.8847534736,5099999.4339802945,3149998.1943927794,-0.9661924271260887,1.4193687531713834,1.1913254220447698,-2349998.8509459007,5100000.853349048,3149999.3857182013,2.8381091610011207,1.5575211230261565,1.2805880379749641,45.121169247882165
scenario_1_default,2026-04-01 01:14:00,-2267800.0,5009340.0,3221000.0,-2267798.894246158,5009339.200476371,3220999.34938918,-0.4214669967120699,1.2292024219751632,0.8320072539229386,-2267799.315713155,5009340.429678793,3221000.181396434,1.511695746969782,0.828116548339798,0.6835791986299841,45.21936375095513
scenario_2_different_seed,2026-05-01 00:24:30,-2350000.0,5100000.0,3150000.0,-2349998.6972949146,5099999.378899207,3149999.9189467784,-0.46910487686511715,0.641107081977836,0.6232840398366193,-2349999.1663997914,5100000.02000629,3150000.5422308184,1.4454675225775986,0.9946375319175803,0.4508299906600183,31.18921619602255
scenario_1_default,2026-04-01 00:38:00,-2267800.0,5009340.0,3221000.0,-2267799.224777321,5009340.635835264,3221000.777189662,-0.04031797695847672,-0.3119373411657893,-0.4949992786490043,-2267799.2650952977,5009340.323897922,3221000.2821903834,1.2685741823355203,0.8512497859479881,0.41732439638753227,32.89712199717113
scenario_2_different_seed,2026-05-01 00:05:00,-2350000.0,5100000.0,3150000.0,-2349999.915336791,5100002.645843158,3150001.2909717024,0.515110097045067,-2.0935504484032332,-1.5937966180296144,-2349999.400226694,5100000.552292709,3149999.6971750846,2.9452099771947027,0.8697460460204774,2.0754639311742253,70.46913283755389
scenario_2_different_seed,2026-05-01 01:03:00,-2350000.0,5100000.0,3150000.0,-2350001.207030985,5100000.382169545,3150002.052363158,0.6002958271863008,-1.1160641851295114,-0.8271541699674572,-2350000.606735158,5099999.266105359,3150001.2252089884,2.4114667513546677,1.5517299895429812,0.8597367618116865,35.652026358178894
scenario_2_different_seed,2026-05-01 00:01:00,-2350000.0,5100000.0,3150000.0,-2349995.930049873,5100000.894729126,3149998.2044050405,-0.3934936098939943,1.313791236801375,0.8367058621491879,-2349996.323543483,5100002.208520363,3149999.0411109026,4.537531873675338,4.394697147391382,0.14283472628395621,3.147850643487868
scenario_1_default,2026-04-01 01:42:30,-2267800.0,5009340.0,3221000.0,-2267800.6403656946,5009339.310004038,3220997.316690933,-0.7027855432204433,1.2426402478524459,1.1874305807983774,-2267801.343151238,5009340.552644285,3220998.5041215136,2.843643824390149,2.0849756353398576,0.7586681890502915,26.679437929009843
scenario_1_default,2026-04-01 00:41:30,-2267800.0,5009340.0,3221000.0,-2267799.1080658063,5009340.544602992,3220999.9716443587,-0.14542801033326214,-0.11053478186387267,-0.20660131562840434,-2267799.2534938166,5009340.43406821,3220999.765043043,1.0454391742907405,0.8949253962081252,0.15051377808261535,14.39718175710497
scenario_3_elevation_mask,2026-05-03 00:39:00,-2200000.0,4950000.0,3300000.0,-2200002.9604793414,4949998.330326232,3299998.7514379644,-0.42115797207202377,1.5694709045333681,1.483474246916785,-2200003.3816373134,4949999.899797137,3300000.234912211,3.6209329708018263,3.3912675034693818,0.22966546733244453,6.342715238984028
scenario_2_different_seed,2026-05-01 01:55:30,-2350000.0,5100000.0,3150000.0,-2349998.1579369563,5099999.960272782,3150001.6782136206,0.33090681759153995,-0.030952292504039747,0.0747416650112882,-2349997.8270301386,5099999.929320489,3150001.7529552854,2.492222996683342,2.79278460401249,-0.30056160732914794,-12.059980496493942
scenario_2_different_seed,2026-05-01 01:05:30,-2350000.0,5100000.0,3150000.0,-2350001.5745150517,5100001.428182653,3149998.3173231883,0.14642546942604895,-0.5619445183318135,-0.34914680331417003,-2350001.4280895824,5100000.866238135,3149997.968176385,2.7111260744112338,2.630231085744137,0.08089498866709688,2.983815080774677
scenario_3_elevation_mask,2026-05-03 01:58:30,-2200000.0,4950000.0,3300000.0,-2200000.7960759834,4949998.343899071,3299999.0561946807,-1.0292556471043781,1.0342979286778284,1.5842016987521674,-2200001.8253316307,4949999.378196999,3300000.6403963794,2.065714340944327,2.0318912510566176,0.03382308988770921,1.637355621602899
scenario_1_default,2026-04-01 00:01:00,-2267800.0,5009340.0,3221000.0,-2267799.5537424977,5009339.927065097,3221000.686444509,-0.05453876344665787,0.20378098503560693,-0.21931943644483454,-2267799.6082812613,5009340.130846082,3221000.4671250726,0.8219922884011346,0.6235143149556891,0.1984779734454455,24.145965387522914
scenario_3_elevation_mask,2026-05-03 00:34:00,-2200000.0,4950000.0,3300000.0,-2200004.4034792194,4949993.298281844,3300003.0583919743,-0.9277554270935298,3.126877338151445,1.9878053283924828,-2200005.3312346465,4949996.4251591815,3300005.0461973026,8.582389932286436,8.164903976838948,0.41748595544748746,4.864448699504206
scenario_1_default,2026-04-01 01:51:00,-2267800.0,5009340.0,3221000.0,-2267799.5242939163,5009337.747078958,3221000.3071482815,-0.6246517435009764,1.401560403488613,1.3450964268676557,-2267800.14894566,5009339.148639361,3221001.6522447085,2.322991512365322,1.8646480427584626,0.45834346960685957,19.730742328032182
scenario_2_different_seed,2026-05-01 00:47:30,-2350000.0,5100000.0,3150000.0,-2350000.1175867626,5099998.989772261,3149998.2677115374,-0.35043228921267655,1.3081841650265655,0.7835505507481457,-2350000.468019052,5100000.297956426,3149999.051262088,2.008783225916447,1.0990557265370826,0.9097274993793645,45.287489841733844
scenario_2_different_seed,2026-05-01 00:00:30,-2350000.0,5100000.0,3150000.0,-2350001.843245394,5099997.990744743,3149998.6989706415,-0.4635936694864995,1.2007356757402263,0.7522642599644769,-2350002.3068390638,5099999.191480419,3149999.4512349013,3.021148401519858,2.505265158227638,0.5158832432922198,17.075733288463844
scenario_3_elevation_mask,2026-05-03 00:42:30,-2200000.0,4950000.0,3300000.0,-2200001.6847896134,4949997.935473857,3299998.917489071,-0.9250447795456012,2.4093340306212987,1.8374032032709806,-2200002.609834393,4950000.344807888,3300000.7548922743,2.8762152468389126,2.7386110320085275,0.1376042148303851,4.784211299262744
scenario_3_elevation_mask,2026-05-03 00:59:00,-2200000.0,4950000.0,3300000.0,-2200006.433887943,4950004.464810909,3300001.0976621592,1.8638266606933485,-5.277407477283909,-2.541544968645212,-2200004.5700612823,4949999.187403431,3299998.5561171905,7.907863980371566,4.861128559787404,3.046735420584162,38.527918893731474
scenario_2_different_seed,2026-05-01 01:33:30,-2350000.0,5100000.0,3150000.0,-2349999.4982626787,5099999.395339884,3149999.464011606,-0.21547439209928143,0.7040913437777689,0.5424055894467301,-2349999.713737071,5100000.099431228,3150000.0064171953,0.9511244683416461,0.3031075947260729,0.6480168736155731,68.13165838803802
scenario_3_elevation_mask,2026-05-03 01:44:30,-2200000.0,4950000.0,3300000.0,-2200003.268702537,4950012.737532841,3300012.080597764,5.901966461357574,-14.559702934513073,-7.629572969140156,-2199997.3667360754,4949998.177829906,3300004.451024795,17.856931468858992,5.4832476209097445,12.373683847949248,69.29344982662855
scenario_3_elevation_mask,2026-05-03 01:01:30,-2200000.0,4950000.0,3300000.0,-2200001.798744908,4950006.265920102,3299996.678195332,1.4201562355557371,-3.8266104652588853,-2.0175015344114513,-2200000.3785886727,4950002.439309636,3299994.6606937977,7.316530886692241,5.882325356985927,1.4342055297063139,19.60226167178404
scenario_3_elevation_mask,2026-05-03 00:02:30,-2200000.0,4950000.0,3300000.0,-2199992.912415894,4950002.91973812,3300002.4773781975,1.4351472837720394,0.03767366217627455,-0.6635873709902853,-2199991.4772686106,4950002.957411783,3300001.8137908266,8.055812924941353,9.201797213119523,-1.1459842881781697,-14.225557356602996
scenario_1_default,2026-04-01 01:11:30,-2267800.0,5009340.0,3221000.0,-2267800.335654043,5009339.097949395,3220999.0628641094,-0.4299108876422224,0.8330385240853264,0.6216674012040926,-2267800.7655649306,5009339.930987919,3220999.684531511,1.3433475381161368,0.8308866938609277,0.5124608442552091,38.14804655643067
scenario_3_elevation_mask,2026-05-03 01:25:00,-2200000.0,4950000.0,3300000.0,-2199995.939428164,4949997.528303554,3300002.1002741344,0.29389761878519494,-0.11262639922808049,-0.8159113840141003,-2199995.645530545,4949997.415677155,3300001.2843627506,5.196987434423383,5.223956017578717,-0.02696858315533479,-0.5189272342030785
scenario_2_different_seed,2026-05-01 00:19:00,-2350000.0,5100000.0,3150000.0,-2349999.1651687934,5100001.0683444915,3150000.19213702,0.032154892439393734,-0.6184194150753264,-0.3630331326639862,-2349999.133013901,5100000.449925076,3149999.8291038875,1.3693866256886824,0.9916163328653013,0.37777029282338115,27.586825059971325
scenario_1_default,2026-04-01 00:14:30,-2267800.0,5009340.0,3221000.0,-2267800.843854683,5009339.79109068,3220999.099192902,0.03669463566063769,0.18567496980651477,0.20300543101365065,-2267800.8071600473,5009339.97676565,3220999.302198333,1.251873499081719,1.0672274093319487,0.18464608974977037,14.749580519534359
scenario_2_different_seed,2026-05-01 01:19:00,-2350000.0,5100000.0,3150000.0,-2350000.99787613,5099999.198422949,3149998.6404682193,-0.31659502600518863,0.4880587125300959,0.6410510601674559,-2350001.314471156,5099999.686481661,3149999.2815192793,1.8672464225756844,1.5304714026564943,0.3367750199191901,18.03591726552309
scenario_1_default,2026-04-01 00:54:00,-2267800.0,5009340.0,3221000.0,-2267798.2760374458,5009340.13467376,3221000.465425365,-0.3500124749095903,0.10329130268402764,0.38513060186443226,-2267798.6260499205,5009340.237965063,3221000.850555967,1.7907553380210066,1.633343700975987,0.1574116370450196,8.790236929796217
scenario_3_elevation_mask,2026-05-03 00:33:30,-2200000.0,4950000.0,3300000.0,-2199996.222063755,4949997.820820678,3300003.639652766,-0.05027188254268822,1.0031112580261539,1.0246865715246258,-2199996.272335638,4949998.823931936,3300004.6643393375,5.680554290139233,6.085612470663848,-0.4050581805246143,-7.130610145347033
scenario_3_elevation_mask,2026-05-03 01:32:00,-2200000.0,4950000.0,3300000.0,-2199999.9082008223,4949990.476676103,3300000.182973049,-2.4282870747530296,7.676981636089993,3.796541650678762,-2200002.336487897,4949998.153657739,3300003.9795147,9.525523832214512,4.970381543205498,4.555142289009014,47.820386251136235
scenario_1_default,2026-04-01 00:03:00,-2267800.0,5009340.0,3221000.0,-2267800.183375104,5009337.634533576,3221000.2198053375,-0.3736092909512081,1.728997247271085,0.9207769689516567,-2267800.556984395,5009339.363530823,3221001.1405823063,2.382723697667506,1.4199481070589326,0.9627755906085733,40.406514257236495
scenario_3_elevation_mask,2026-05-03 00:21:30,-2200000.0,4950000.0,3300000.0,-2199998.060980093,4950000.936899246,3299999.274286003,0.523042764622005,0.15137410374655857,-0.01327500981568619,-2199997.5379373287,4950001.088273349,3299999.261010993,2.272496248896464,2.791450560703821,-0.5189543118073567,-22.836311041629383
scenario_3_elevation_mask,2026-05-03 01:00:30,-2200000.0,4950000.0,3300000.0,-2199993.62763418,4949990.580386903,3299998.8719280376,-3.082289495853729,8.800974653311817,4.814985906572872,-2199996.7099236757,4949999.381361556,3300003.6869139443,11.428416486707714,4.980025118036868,6.448391368670847,56.4241894419136
scenario_1_default,2026-04-01 01:10:30,-2267800.0,5009340.0,3221000.0,-2267798.861358165,5009339.091704098,3220999.2649637726,-0.6564045399250062,1.17506230902889,0.9014101256726121,-2267799.5177627048,5009340.266766407,3221000.1663738983,1.6314977569017952,0.5756712591774982,1.055826497724297,64.71516698431174
scenario_2_different_seed,2026-05-01 01:44:00,-2350000.0,5100000.0,3150000.0,-2350000.735234203,5099999.614408873,3150001.4786031526,0.5916884316849291,-0.4301764714165799,-0.30999823798697435,-2350000.143545771,5099999.184232402,3150001.1686049146,1.6957349831125177,1.4323824940359078,0.2633524890766099,15.530285787536624
scenario_3_elevation_mask,2026-05-03 01:31:30,-2200000.0,4950000.0,3300000.0,-2200002.3793921755,4950004.041498681,3300007.302796764,2.6500673455465176,-5.938102549340555,-3.8519406421298754,-2199999.7293248298,4949998.103396132,3300003.4508561217,8.679058663462767,3.9469962318230962,4.732062431639671,54.52276122479479
scenario_3_elevation_mask,2026-05-03 00:04:00,-2200000.0,4950000.0,3300000.0,-2199994.8734213277,4949996.379077079,3299993.587684884,-0.7156158957631078,6.08926548317765,2.8949044508063935,-2199995.5890372233,4950002.468342562,3299996.482589335,8.972774199168924,6.158042335614941,2.814731863553983,31.36969460141646
scenario_3_elevation_mask,2026-05-03 00:18:30,-2200000.0,4950000.0,3300000.0,-2199995.6579267527,4950000.061932144,3299991.805444969,-1.3107359013537234,5.420567869427801,2.833897451882308,-2199996.968662654,4950005.482500013,3299994.6393424207,9.27405886511832,8.245208437586065,1.0288504275322552,11.093852675466374
scenario_2_different_seed,2026-05-01 01:00:30,-2350000.0,5100000.0,3150000.0,-2349999.8360842573,5099999.473261481,3149998.701403147,-0.4662568135076981,0.8354669222952538,0.6382762691460471,-2350000.302341071,5100000.308728403,3149999.3396794163,1.4109130463480206,0.7891429677565934,0.6217700785914272,44.06863202525517
scenario_1_default,2026-04-01 00:56:30,-2267800.0,5009340.0,3221000.0,-2267800.078759116,5009339.668091754,3220999.8670917237,-0.16009545274289394,0.031193140213536807,0.3016127168993421,-2267800.238854569,5009339.699284894,3221000.168704441,0.36610202369614697,0.41945472721739824,-0.053352703521251266,-14.573179077953501
scenario_3_elevation_mask,2026-05-03 01:59:30,-2200000.0,4950000.0,3300000.0,-2200004.2393689333,4950000.915923604,3300002.0715679913,0.3366350255752195,-2.6564335099730396,0.1383161372854147,-2200003.9027339076,4949998.259490094,3300002.2098841285,4.8065121390416765,4.810851748620405,-0.004339609578728698,-0.09028604221093116
scenario_1_default,2026-04-01 00:31:00,-2267800.0,5009340.0,3221000.0,-2267802.254165059,5009338.047287497,3220999.749617854,-0.20803683048848143,0.9084144357244046,0.4196899219737702,-2267802.4622018896,5009338.955701932,3221000.1693077763,2.9928310096596054,2.679862258111875,0.3129687515477304,10.457281100656814
scenario_2_different_seed,2026-05-01 01:35:00,-2350000.0,5100000.0,3150000.0,-2349999.523592831,5100001.051208061,3150002.1570690633,0.6938978623195453,-1.3250705659732613,-0.9873566688268056,-2349998.8296949686,5099999.726137496,3150001.1697123945,2.446415566128823,1.677152832485534,0.7692627336432889,31.444483279697266
scenario_3_elevation_mask,2026-05-03 00:30:30,-2200000.0,4950000.0,3300000.0,-2200004.6160754235,4950001.875891196,3299999.0950432597,0.8084690528609144,-1.9950493567061365,-0.5381015781258043,-2200003.8076063707,4949999.880841839,3299998.5569416815,5.064194585074508,4.073632562175858,0.9905620228986498,19.560109831049786
scenario_3_elevation_mask,2026-05-03 01:22:00,-2200000.0,4950000.0,3300000.0,-2199996.652069942,4950002.238451445,3300003.3990764352,1.4850968846509431,-3.3270652080159655,-2.682669834165324,-2199995.1669730577,4949998.911386237,3300000.716406601,5.270011494757449,5.005643591912574,0.26436790284487444,5.016457802945303
scenario_1_default,2026-04-01 01:36:00,-2267800.0,5009340.0,3221000.0,-2267798.67212972,5009339.564610725,3221000.671697678,-0.2345508483122103,0.5548239301162656,0.20547996146564174,-2267798.906680568,5009340.119434656,3221000.8771776394,1.5504776914846778,1.4067880537427522,0.14368963774192567,9.267443093897985
scenario_3_elevation_mask,2026-05-03 01:38:30,-2200000.0,4950000.0,3300000.0,-2199998.8984386474,4950004.842697371,3300002.3100404376,2.071062214072981,-4.002921457710413,-1.7390509295743186,-2199996.827376433,4950000.839775913,3300000.570989508,5.47735721512814,3.3311849092924635,2.1461723058356763,39.18262442164762
scenario_3_elevation_mask,2026-05-03 00:30:00,-2200000.0,4950000.0,3300000.0,-2199993.199424422,4949991.203095392,3299997.2062743036,-2.955233370016572,8.75759718525176,5.452659818210577,-2199996.154657792,4949999.960692578,3300002.658934122,11.46465272639998,4.675268167303658,6.789384559096321,59.22015015301958
scenario_3_elevation_mask,2026-05-03 01:44:00,-2200000.0,4950000.0,3300000.0,-2200003.1293622926,4949995.37043293,3299998.6275528297,-0.9419840883531378,3.6695137098776094,2.641579898902023,-2200004.0713463807,4949999.03994664,3300001.2691327287,5.754077758302199,4.371299771152308,1.3827779871498915,24.03127043521036
scenario_1_default,2026-04-01 00:46:00,-2267800.0,5009340.0,3221000.0,-2267800.1560165463,5009339.636453396,3221000.728053756,-0.16740367621378027,-0.18446699644760223,0.024834050454501266,-2267800.3234202224,5009339.4519863995,3221000.7528878064,0.8285949359738856,0.9857786747602061,-0.15718373878632053,-18.969913037372752
scenario_1_default,2026-04-01 00:57:00,-2267800.0,5009340.0,3221000.0,-2267800.6651694644,5009340.684653677,3220999.645251541,0.06395448946341276,-0.831241238658242,-0.3141695081700391,-2267800.601214975,5009339.853412438,3220999.331082033,1.0183553127990321,0.9112620952120477,0.10709321758698442,10.516291930822263
scenario_1_default,2026-04-01 01:49:00,-2267800.0,5009340.0,3221000.0,-2267799.8725210354,5009340.235219847,3221000.7956756703,-0.06381655172083356,-0.5899894163315906,-0.07505250326727264,-2267799.936337587,5009339.645230431,3221000.7206231668,0.8394516277224641,0.8057369907884655,0.033714636933998565,4.016269171515044
scenario_3_elevation_mask,2026-05-03 00:25:00,-2200000.0,4950000.0,3300000.0,-2199997.9209030955,4949992.688799443,3299990.8854417335,-3.1522078615781766,9.315084602296858,4.067448692508208,-2200001.073110957,4950002.003884045,3299994.952890426,11.868086194495072,5.535380153755353,6.332706040739719,53.35911735859401
scenario_2_different_seed,2026-05-01 00:22:30,-2350000.0,5100000.0,3150000.0,-2349998.118582179,5099999.242905909,3149997.8057332877,-0.7432720374511064,1.605703238394339,1.3266487903962343,-2349998.861854216,5100000.848609148,3149999.132382078,2.9879308701494716,1.6638131413213855,1.324117728828086,44.31554096704543
scenario_1_default,2026-04-01 00:28:00,-2267800.0,5009340.0,3221000.0,-2267797.881742303,5009341.755995899,3220997.697097432,-0.45977888413358414,0.1666580892788847,0.6769747678387716,-2267798.3415211868,5009341.922653989,3220998.3740721997,3.5880213919270356,3.0150939532596444,0.5729274386673913,15.96778213074383
scenario_1_default,2026-04-01 01:16:30,-2267800.0,5009340.0,3221000.0,-2267799.8164233556,5009339.833657706,3221000.1817172216,-0.1413587325030221,0.21365023696488272,0.04092535100483019,-2267799.9577820883,5009340.047307943,3221000.2226425726,0.3072316580771792,0.23149537505093046,0.07573628302624877,24.651197568716427
scenario_2_different_seed,2026-05-01 00:09:30,-2350000.0,5100000.0,3150000.0,-2350003.7083171536,5099998.799486922,3150000.8838982615,-0.06984007384801316,-0.5974075084760262,-0.4123075041702009,-2350003.7781572277,5099998.202079413,3150000.4715907574,3.9967641785173362,4.210628019068032,-0.21386384055069607,-5.35092467301967
scenario_2_different_seed,2026-05-01 01:40:00,-2350000.0,5100000.0,3150000.0,-2349999.4336465686,5099999.904719496,3149999.9829595676,0.11585916840294885,0.16923640454491107,0.14995857070641705,-2349999.3177874,5100000.073955901,3150000.132918138,0.574565018124826,0.698964046526606,-0.12439902840178008,-21.650992399045432
scenario_3_elevation_mask,2026-05-03 00:25:30,-2200000.0,4950000.0,3300000.0,-2200001.339943992,4949995.175073214,3300006.9001144823,0.1878209013034393,0.2240352882721055,-0.8136994166573004,-2200001.152123091,4949995.399108502,3300006.0864150655,8.525664095042979,7.7162191869435635,0.8094449080994153,9.494215337079085
scenario_1_default,2026-04-01 00:19:30,-2267800.0,5009340.0,3221000.0,-2267800.4681585105,5009339.397351567,3221000.900303161,-0.13185581766890664,-0.3510581242353279,0.012827690775395695,-2267800.600014328,5009339.046293442,3221000.9131308515,1.1802132461628532,1.450303879963814,-0.27009063380096077,-22.88490107013186
scenario_1_default,2026-04-01 01:53:30,-2267800.0,5009340.0,3221000.0,-2267800.4259243454,5009341.009063914,3220999.290025267,0.35857102468116864,-0.6694075497695913,-0.16438419547614558,-2267800.067353321,5009340.339656365,3220999.1256410712,1.3052530992603537,0.9404288662527374,0.36482423300761635,27.950459049999644
scenario_1_default,2026-04-01 01:58:00,-2267800.0,5009340.0,3221000.0,-2267800.334699312,5009340.636863682,3221000.362129533,0.09431871107972256,-0.7417933726051373,-0.20516129728389387,-2267800.240380601,5009339.89507031,3221000.156968236,0.8054543925029221,0.3056666490621351,0.49978774344078697,62.05040882423071
scenario_3_elevation_mask,2026-05-03 00:31:00,-2200000.0,4950000.0,3300000.0,-2200002.208373433,4950004.458470179,3300006.9438913306,2.187496605905835,-5.997595822304797,-2.992618048308543,-2200000.020876827,4949998.460874356,3300003.9512732825,8.542394065245443,4.240507533551513,4.301886531693929,50.35926110217822
scenario_3_elevation_mask,2026-05-03 00:27:30,-2200000.0,4950000.0,3300000.0,-2200005.2168039517,4949996.274419143,3299999.174938391,-0.6102915375583962,2.3599061707874203,1.3110670225372587,-2200005.827095489,4949998.634325313,3300000.4860054133,6.463414179190389,6.004690703908172,0.45872347528221713,7.097231626577845
scenario_2_different_seed,2026-05-01 00:40:00,-2350000.0,5100000.0,3150000.0,-2349998.424417492,5099999.964728627,3150000.564583286,0.07348342808472808,0.29271810045998414,0.1091456869379499,-2349998.350934064,5100000.257446728,3150000.673728973,1.6740545380206877,1.7998911100625068,-0.12583657204181908,-7.516874103193884
scenario_2_different_seed,2026-05-01 00:56:30,-2350000.0,5100000.0,3150000.0,-2350002.2122886074,5100002.1397584975,3149997.616289649,0.48062461262384204,-0.8941964833851106,-0.7466080915964994,-2350001.731663995,5100001.245562014,3149996.8696815576,3.892924652053214,3.7880045503073565,0.10492010174585742,2.695148535446743
scenario_2_different_seed,2026-05-01 00:06:00,-2350000.0,5100000.0,3150000.0,-2350000.2708478724,5099999.8381614415,3150004.065467562,0.20351269202024014,-1.743551926099931,-1.290786350539861,-2350000.0673351805,5099998.094609516,3150002.7746812114,4.077692581246356,3.3665862159168705,0.7111063653294853,17.438940066250264
scenario_2_different_seed,2026-05-01 01:13:00,-2350000.0,5100000.0,3150000.0,-2349997.710998912,5099999.857342598,3149999.5314787286,-0.35807094153835806,0.7131696613515963,0.7249250247156169,-2349998.0690698535,5100000.570512259,3150000.2564037535,2.340809538918547,2.029708933202112,0.31110060571643494,13.290299810558842
scenario_1_default,2026-04-01 01:02:00,-2267800.0,5009340.0,3221000.0,-2267802.791014113,5009340.411668161,3220998.233158583,-0.17621060697547364,-0.6128619011042371,-0.20070741344636644,-2267802.96722472,5009339.798806259,3220998.0324511696,3.328807451195395,3.5659710963475892,-0.23716364515219412,-7.124582861259435
scenario_3_elevation_mask,2026-05-03 01:57:30,-2200000.0,4950000.0,3300000.0,-2199997.2515966953,4950002.4058718,3299993.8377774344,-1.1418123760453227,1.4640625492041082,2.074548831033894,-2199998.3934090715,4950003.869934349,3299995.9123262656,7.163443780218749,5.853768259727345,1.3096755204914041,18.282763998343416
scenario_1_default,2026-04-01 01:32:00,-2267800.0,5009340.0,3221000.0,-2267800.9870587187,5009339.883268396,3221000.892090313,0.43726590302958357,-0.49978784382634345,-0.7063520540567083,-2267800.5497928155,5009339.383480553,3221000.185738259,1.3355659130936481,0.8466800280118865,0.4888858850817617,36.60514844597427
scenario_2_different_seed,2026-05-01 00:44:30,-2350000.0,5100000.0,3150000.0,-2349998.599598648,5099999.791214302,3150000.1662473017,-0.34343893907941947,0.5615975237554238,0.21048635189225706,-2349998.943037587,5100000.352811826,3150000.3767336537,1.4256063901219005,1.1762542126244249,0.24935217749747562,17.490955373464203
scenario_2_different_seed,2026-05-01 00:58:30,-2350000.0,5100000.0,3150000.0,-2349999.6338212867,5099998.223194061,3150001.0190545213,-0.1936619304750593,0.9161335052616479,0.6372585862317237,-2349999.827483217,5099999.139327566,3150001.6563131073,2.080768683186225,1.8745378599324696,0.2062308232537553,9.911280620484906
scenario_2_different_seed,2026-05-01 00:26:00,-2350000.0,5100000.0,3150000.0,-2349998.2478135205,5100001.691200082,3150000.517447348,-0.012392143015290458,-0.7381535178135152,-0.3982776298456656,-2349998.2602056633,5100000.953046564,3150000.1191697186,2.489591720577016,1.9873055902665946,0.5022861303104216,20.175441866990383
scenario_3_elevation_mask,2026-05-03 01:52:30,-2200000.0,4950000.0,3300000.0,-2199998.8006644635,4949999.809233361,3299998.3347044853,-0.8891806970375455,1.6967979225430057,2.107590093847932,-2199999.6898451606,4950001.506031283,3300000.442294579,2.0610693319273015,1.5999846077185065,0.461084724208795,22.371140895955968
scenario_2_different_seed,2026-05-01 01:18:30,-2350000.0,5100000.0,3150000.0,-2349998.997055142,5099999.463905691,3149999.380476902,-0.24203094956305904,0.5528650746341004,0.6766089573398517,-2349999.2390860915,5100000.016770766,3150000.057085859,1.2950306424990408,0.7632365491960952,0.5317940933029456,41.064209282085734
scenario_3_elevation_mask,2026-05-03 01:06:00,-2200000.0,4950000.0,3300000.0,-2200007.031564924,4950007.756764583,3299999.664395006,2.7177691322019655,-6.703582641813437,-3.872068024042676,-2200004.313795792,4950001.053181942,3299995.7923269817,10.474871492870152,6.11739638783611,4.357475105034042,41.59931802504699
scenario_1_default,2026-04-01 00:22:00,-2267800.0,5009340.0,3221000.0,-2267799.356896929,5009340.541498977,3220999.6891419347,-0.33962175542853856,-0.3286984952652663,0.14073921840258663,-2267799.6965186843,5009340.212800481,3220999.829881153,0.896345602169912,0.4078300821945157,0.4885155199753963,54.50079955686478
scenario_1_default,2026-04-01 00:15:00,-2267800.0,5009340.0,3221000.0,-2267799.836756983,5009340.74873903,3220999.9835353508,0.05873598750395104,-0.5155898353557546,-0.2710618387004615,-2267799.778020995,5009340.233149195,3220999.712473512,0.766504731028292,0.4316302896580608,0.3348744413702312,43.68850286429228
scenario_2_different_seed,2026-05-01 01:39:00,-2350000.0,5100000.0,3150000.0,-2350000.2751150564,5100002.072534251,3150001.453732969,0.8132315540516402,-1.6896241668849115,-1.2547694241806084,-2349999.4618835025,5100000.382910084,3150000.198963545,2.5464536242493785,0.6897651697518112,1.8566884544975673,72.91271424763785
scenario_1_default,2026-04-01 01:41:30,-2267800.0,5009340.0,3221000.0,-2267802.1715451805,5009339.770313664,3220998.9651931315,0.21462096831544386,-0.1734254776742219,0.04463328171777903,-2267801.956924212,5009339.596888186,3220999.0098264134,2.4164415032974556,2.2299092443644346,0.18653225893302094,7.719295446568047
scenario_1_default,2026-04-01 00:07:00,-2267800.0,5009340.0,3221000.0,-2267799.603807953,5009339.511742437,3220997.297189671,-0.589053870770158,1.7179243221743263,1.0766037589087887,-2267800.192861824,5009341.229666759,3220998.37379343,2.7749859926937326,2.047882767569646,0.7271032251240865,26.202050282000645
scenario_1_default,2026-04-01 00:13:00,-2267800.0,5009340.0,3221000.0,-2267800.2634185134,5009338.960789573,3221000.6227161097,-0.33161031804479535,0.21558598218505942,0.19468897806154928,-2267800.5950288316,5009339.176375556,3221000.817405088,1.23980763721474,1.3040581326070346,-0.06425049539229466,-5.18229550002088
scenario_3_elevation_mask,2026-05-03 01:18:30,-2200000.0,4950000.0,3300000.0,-2200001.2645971924,4950004.585218708,3300001.267401034,1.4717816151505758,-3.2429905141247737,-2.2894047622519906,-2199999.7928155772,4950001.342228194,3299998.9779962716,4.922371587003053,1.6997039536652243,3.222667633337829,65.46981625375268
scenario_3_elevation_mask,2026-05-03 00:02:00,-2200000.0,4950000.0,3300000.0,-2199996.770862003,4949997.366601317,3299996.7899694378,0.062163574801502364,4.074975563072853,1.5225132559422718,-2199996.7086984282,4950001.44157688,3299998.3124826937,5.259887549916129,3.969700819643271,1.2901867302728576,24.528789218952603
scenario_2_different_seed,2026-05-01 00:29:30,-2350000.0,5100000.0,3150000.0,-2349998.7614778276,5100000.861042414,3150000.1435564635,-0.27754710012925443,-0.3611192071848688,-0.07130196033546099,-2349999.0390249277,5100000.499923207,3150000.072254503,1.5152358457724613,1.085641292351865,0.42959455342059627,28.351662522977776
scenario_1_default,2026-04-01 00:00:00,-2267800.0,5009340.0,3221000.0,-2267799.957815642,5009341.297964172,3221000.0509454305,0.2207530575775536,-0.7064795448779648,-0.8928984353749456,-2267799.7370625846,5009340.591484628,3220999.1580469953,1.299648394714298,1.06201460034352,0.23763379437077803,18.284467963584653
scenario_3_elevation_mask,2026-05-03 00:43:00,-2200000.0,4950000.0,3300000.0,-2200005.17063041,4949996.337125294,3299997.399326492,-1.6756725552995704,4.48857193855012,2.684539499610594,-2200006.846302965,4950000.825697232,3300000.083865992,6.8494943347989174,6.896424705218447,-0.04693037041952941,-0.6851654753709224
scenario_2_different_seed,2026-05-01 01:29:30,-2350000.0,5100000.0,3150000.0,-2349998.61664609,5100000.471582243,3150001.819856344,0.45198278382031276,-0.41024224829274836,-0.325435846704238,-2349998.1646633064,5100000.061339995,3150001.494420497,2.334081182030888,2.367597093299368,-0.03351591126848019,-1.4359359702869434
scenario_2_different_seed,2026-05-01 00:58:00,-2350000.0,5100000.0,3150000.0,-2350000.4115847503,5100000.123033174,3150000.1369820004,0.2224718063197315,-0.14844428434984636,-0.16771667093240694,-2350000.189112944,5099999.97458889,3149999.9692653297,0.45089160237270126,0.19327195891756585,0.25761964345513544,57.13560467737218
scenario_3_elevation_mask,2026-05-03 00:47:30,-2200000.0,4950000.0,3300000.0,-2200001.446564294,4949994.901976818,3300000.8261012314,-1.3106519647881214,3.7204393339234283,2.983867705727846,-2200002.757216259,4949998.622416152,3300003.809968937,5.363285547400931,4.90059609229801,0.4626894551029208,8.626977829422898
scenario_2_different_seed,2026-05-01 01:32:00,-2350000.0,5100000.0,3150000.0,-2350001.242355518,5100002.733776294,3150001.4573882855,1.1270871459340697,-2.4361528284591376,-1.830965363679752,-2350000.115268372,5100000.297623465,3149999.6264229217,3.3378077643914255,0.49135156239237615,2.8464562019990494,85.27921327182953
scenario_1_default,2026-04-01 01:15:30,-2267800.0,5009340.0,3221000.0,-2267799.1234530853,5009339.8774404535,3221000.5690302467,-0.20735067161331244,0.3029809678254143,0.1305943018412563,-2267799.330803757,5009340.180421421,3221000.6996245487,1.0522123159059984,0.98480963130772,0.06740268459827836,6.405806468843872
scenario_3_elevation_mask,2026-05-03 01:23:00,-2200000.0,4950000.0,3300000.0,-2200007.640953815,4950000.546576663,3299999.1898449603,-0.22413072462427408,1.4071837469577364,-0.13568037749206496,-2200007.8650845396,4950001.95376041,3299999.054164583,7.703198844691522,8.159126129096611,-0.4559272844050897,-5.918674742756787
scenario_1_default,2026-04-01 00:08:00,-2267800.0,5009340.0,3221000.0,-2267799.810508328,5009339.794997237,3220999.5625568284,-0.2163525194620206,0.48202330532740945,0.20805517665098705,-2267800.0268608476,5009340.277020542,3220999.770612005,0.5189313587711853,0.3606670736021399,0.15826428516904545,30.498115501019395
scenario_3_elevation_mask,2026-05-03 00:56:30,-2200000.0,4950000.0,3300000.0,-2199998.812613698,4949999.727652596,3299999.852846197,-0.49269061097891154,1.1693570517318967,0.9399840294788646,-2199999.3053043094,4950000.897009648,3300000.7928302265,1.227075213590351,1.3841272267789273,-0.1570520131885762,-12.798890520251899
scenario_1_default,2026-04-01 00:02:30,-2267800.0,5009340.0,3221000.0,-2267798.916152844,5009338.99292444,3220999.124264129,-0.6125714207635156,1.6766137315836271,0.8993877467105449,-2267799.528724265,5009340.669538171,3221000.0236518756,1.7192554077393263,0.819110244261721,0.9001451634776053,52.356686471687134
scenario_1_default,2026-04-01 01:33:30,-2267800.0,5009340.0,3221000.0,-2267798.184092703,5009340.224968608,3221000.762906644,-0.10254065783783517,0.20962877486864606,-0.15713612498620932,-2267798.2866333607,5009340.434597382,3221000.605770519,1.9824622906546845,1.8685443658633587,0.11391792479132579,5.746284573902576
scenario_1_default,2026-04-01 01:22:00,-2267800.0,5009340.0,3221000.0,-2267800.9572857255,5009342.150019485,3220998.7200863035,0.5905605307897304,-1.0690766368993536,-1.0294186920926336,-2267800.3667251947,5009341.080942848,3220997.6906676115,2.6790219884679956,2.576032004643521,0.10298998382447477,3.8443127480028565
scenario_3_elevation_mask,2026-05-03 00:09:30,-2200000.0,4950000.0,3300000.0,-2199997.543114973,4949999.492533388,3299990.0403742385,-0.9653875779061991,6.642418208012165,2.9954554389454984,-2199998.5085025514,4950006.134951595,3299993.0358296772,10.270732773584454,9.40009914837562,0.8706336252088338,8.476840400794357
scenario_1_default,2026-04-01 00:30:30,-2267800.0,5009340.0,3221000.0,-2267799.977601632,5009340.374404312,3220999.5961760203,-0.10583472936502858,-0.044703212642499324,-0.22861249521520222,-2267800.0834363615,5009340.3297011,3220999.367563525,0.5511388957135904,0.718081009428928,-0.16694211371533763,-30.290388686719037
scenario_2_different_seed,2026-05-01 00:11:00,-2350000.0,5100000.0,3150000.0,-2349999.9852608563,5100001.051757997,3150000.836658564,0.22601514207940454,-1.0344878212456745,-0.7348015197969175,-2349999.759245714,5100000.017270176,3150000.1018570443,1.3440274100632184,0.26198424109360585,1.0820431689696126,80.50752245586398
scenario_1_default,2026-04-01 01:52:30,-2267800.0,5009340.0,3221000.0,-2267799.946184623,5009339.605512538,3221000.022004571,-0.3260450808555788,-0.021378220955410754,0.3412765214454794,-2267800.272229704,5009339.584134317,3221000.363281092,0.3987488603277407,0.6156512242998919,-0.21690236397215124,-54.39573264080912
scenario_1_default,2026-04-01 00:55:30,-2267800.0,5009340.0,3221000.0,-2267801.511143375,5009339.64537873,3220998.5781618087,-0.39256783280018226,0.14510395459993752,0.4145416280191512,-2267801.903711208,5009339.790482685,3220998.992703437,2.104978476772157,2.1639455250513904,-0.05896704827923349,-2.8013135967858207
scenario_2_different_seed,2026-05-01 00:02:30,-2350000.0,5100000.0,3150000.0,-2349999.728946122,5099999.253559884,3149999.7197784204,-0.21634874919186586,0.5623260896488613,0.32401328016737807,-2349999.945294871,5099999.815885973,3150000.0437917006,0.8421206479857625,0.19699832248224658,0.6451223255035159,76.60687658550593
scenario_2_different_seed,2026-05-01 00:44:00,-2350000.0,5100000.0,3150000.0,-2349999.280703155,5099999.870617064,3150002.7998193507,0.21141500763383192,-0.5837121113116233,-0.6683319334640601,-2349999.069288147,5099999.2869049525,3150002.131487417,2.893633752262527,2.43268734300204,0.4609464092604867,15.929673508268749
scenario_2_different_seed,2026-05-01 00:08:30,-2350000.0,5100000.0,3150000.0,-2349999.726367879,5099999.039814069,3149998.4894747473,-0.8338431800422086,1.0862388845658302,0.8583097357630436,-2350000.560211059,5100000.126052953,3149999.347784483,1.8106678598530173,0.868971149483471,0.9416967103695463,52.00825238296268
scenario_3_elevation_mask,2026-05-03 01:05:00,-2200000.0,4950000.0,3300000.0,-2199996.695903119,4949999.895156004,3300003.0719700777,0.7612521066155296,-1.3804799240444119,-1.007666805842348,-2199995.9346510125,4949998.514676079,3300002.064303272,4.512765074741012,4.795268244663215,-0.2825031699222027,-6.260090326958036
scenario_1_default,2026-04-01 01:27:00,-2267800.0,5009340.0,3221000.0,-2267798.812436816,5009339.037550792,3221000.4938549544,-0.2241478428990149,0.9977409424715944,0.3626447196568279,-2267799.0365846585,5009340.035291734,3221000.856499674,1.6063958136701646,1.2895760225210797,0.3168197911490849,19.722398953794603
scenario_3_elevation_mask,2026-05-03 00:19:00,-2200000.0,4950000.0,3300000.0,-2200000.9984021573,4949999.623996551,3300006.0890028826,2.0669184849793965,-3.518626500806997,-1.7987517514434899,-2199998.9314836725,4949996.10537005,3300004.290251131,6.181758776074858,5.89203906604815,0.2897197100267084,4.686687405985575
scenario_2_different_seed,2026-05-01 01:34:30,-2350000.0,5100000.0,3150000.0,-2349998.8951900057,5100002.131641012,3149999.662794452,0.6318524485311627,-0.8844534226469669,-0.6663118081758057,-2349998.263337557,5100001.247187589,3149998.9964826438,2.424501208041222,2.3618891606880887,0.06261204735313308,2.582471278854011
scenario_3_elevation_mask,2026-05-03 00:04:30,-2200000.0,4950000.0,3300000.0,-2199993.264838298,4949996.905081192,3299998.179642403,-0.1776226777182046,4.336251570159497,2.0397342097962223,-2199993.4424609756,4950001.241332762,3300000.219376613,7.632471903835834,6.6776007053860065,0.9548711984498279,12.510641512744257
scenario_2_different_seed,2026-05-01 01:45:00,-2350000.0,5100000.0,3150000.0,-2350000.7038421957,5099999.381852391,3149999.36584275,0.26546709747412933,0.5862179980640025,0.4488142890042468,-2350000.438375098,5099999.96807039,3149999.814657039,1.1312186882563648,0.47701597446406846,0.6542027137922963,57.83167486391776
scenario_3_elevation_mask,2026-05-03 01:02:30,-2200000.0,4950000.0,3300000.0,-2199999.6176613155,4949998.877660389,3300001.737767892,0.42836953852122406,-0.6814546818074252,-0.3466433095287016,-2199999.189291777,4949998.196205707,3300001.3911245824,2.1037267689243877,2.4178811544209498,-0.31415438549656205,-14.933231355761361
scenario_2_different_seed,2026-05-01 00:03:00,-2350000.0,5100000.0,3150000.0,-2350000.5107642226,5100000.166787926,3149999.951536193,-0.031592609123208604,-0.21203470104969568,-0.23889377066814177,-2350000.5423568315,5099999.954753225,3149999.7126424224,0.5394877607156521,0.6154450265702069,-0.07595726585455487,-14.07951604940852
scenario_3_elevation_mask,2026-05-03 01:36:30,-2200000.0,4950000.0,3300000.0,-2200002.4140410745,4950002.962419829,3300002.7262407704,1.3501225420541232,-3.0793532935390564,-2.0974419405658296,-2200001.0639185323,4949999.883066536,3300000.62879883,4.694242675098864,1.2413637850775725,3.4528788900212914,73.55561118170294
scenario_1_default,2026-04-01 01:28:30,-2267800.0,5009340.0,3221000.0,-2267801.2727552387,5009341.170900444,3220999.8768263957,0.40116360285014707,-0.9911575198201739,-1.0694967206075034,-2267800.871591636,5009340.179742924,3220998.807329675,1.7338066452622445,1.488100131817507,0.24570651344473737,14.17150603939307
scenario_1_default,2026-04-01 01:50:00,-2267800.0,5009340.0,3221000.0,-2267800.151140869,5009340.865150652,3221000.150051092,0.16446578582497295,-0.9210529453133152,-0.3198813195438106,-2267799.986675083,5009339.944097706,3220999.8301697723,0.8909795412602735,0.1792900614169318,0.7116894798433416,79.87719660057184
scenario_2_different_seed,2026-05-01 01:52:00,-2350000.0,5100000.0,3150000.0,-2349999.2169463327,5099998.659447373,3150000.7566370093,-0.0006531955821174051,0.7885507262237379,0.6651647391171309,-2349999.2175995284,5099999.447998099,3150001.421801748,1.7270651278336173,1.7141694221733346,0.012895705660282752,0.7466832288171302
scenario_1_default,2026-04-01 01:37:00,-2267800.0,5009340.0,3221000.0,-2267799.195859899,5009339.753178317,3221001.3843968255,-0.12036084217379539,-0.1620933667731741,-0.2353720709376148,-2267799.316220741,5009339.591084951,3221001.1490247543,1.6199125951132471,1.3982215414372294,0.2216910536760177,13.685371318476564
scenario_2_different_seed,2026-05-01 00:21:30,-2350000.0,5100000.0,3150000.0,-2349998.8100736258,5099999.670743975,3150001.3527412442,-0.10563401162426089,-0.008732242506951593,0.09937093912003547,-2349998.9157076376,5099999.662011732,3150001.4521121834,1.8314593034224262,1.843517233340049,-0.012057929917622667,-0.6583782612635812
scenario_2_different_seed,2026-05-01 01:27:00,-2350000.0,5100000.0,3150000.0,-2350001.2723126253,5099999.565169283,3150000.364512972,0.07878171080392349,-0.1754084415354562,-0.04032720699262882,-2350001.1935309144,5099999.389760842,3150000.324185765,1.3930997364205193,1.3791317138490164,0.01396802257150287,1.0026577571102562
scenario_3_elevation_mask,2026-05-03 00:22:30,-2200000.0,4950000.0,3300000.0,-2199993.4073590757,4949999.316742717,3299996.2581041665,-1.645445050309604,5.284452936360976,2.005902253398631,-2199995.052804126,4950004.601195654,3299998.26400642,7.611277113573429,6.975630593105575,0.6356465204678541,8.351377974851102
scenario_3_elevation_mask,2026-05-03 00:11:30,-2200000.0,4950000.0,3300000.0,-2199990.102876711,4949988.328732069,3299986.421120629,-4.94540767983915,17.365912862615374,9.285456146037518,-2199995.048284391,4950005.694644932,3299995.7065767753,20.458678097250147,8.682278005087282,11.776400092162865,57.561881741253515
scenario_3_elevation_mask,2026-05-03 00:32:00,-2200000.0,4950000.0,3300000.0,-2200001.150828094,4949995.052065364,3299996.521989707,-1.3175599527151007,4.1668225771553455,2.5687963285193405,-2200002.468388047,4949999.218887941,3299999.0907860356,6.1565427037112,2.7440381981034183,3.412504505607782,55.42890985797442
scenario_3_elevation_mask,2026-05-03 01:19:30,-2200000.0,4950000.0,3300000.0,-2200007.1576504023,4950003.661524566,3299998.8774041673,1.8518618657700472,-3.605238520702718,-2.7601986645229317,-2200005.3057885366,4950000.056286045,3299996.117205503,8.117816383206524,6.575002146008775,1.5428142371977485,19.00528620466702
scenario_1_default,2026-04-01 01:03:00,-2267800.0,5009340.0,3221000.0,-2267799.888146736,5009341.272339905,3221001.0224022646,0.2221108697967793,-1.5034577822438475,-0.8769589156010511,-2267799.6660358664,5009339.768882123,3221000.145443349,1.6360520702030008,0.4313945798413772,1.2046574903616236,73.63197738640127
scenario_3_elevation_mask,2026-05-03 01:37:00,-2200000.0,4950000.0,3300000.0,-2199993.593675479,4950000.6384558035,3300002.451065342,0.13678708429733888,0.30083580582101455,-0.4535054789465107,-2199993.4568883944,4950000.939291609,3300001.997559863,6.888856290711812,6.905419872633749,-0.016563581921936965,-0.24044023017680752
scenario_1_default,2026-04-01 01:43:30,-2267800.0,5009340.0,3221000.0,-2267801.15115068,5009338.696606239,3220998.327789474,-0.4330141065203179,1.0891322734192634,1.1218411235048507,-2267801.5841647866,5009339.785738513,3220999.449630597,2.4125238294605653,1.6906781289265145,0.7218457005340508,29.920769764809073
scenario_1_default,2026-04-01 01:46:00,-2267800.0,5009340.0,3221000.0,-2267801.8364491607,5009340.725790746,3221000.410276485,0.24780128143129332,-1.5160509785604876,-0.7403227531754055,-2267801.588647879,5009339.209739767,3220999.669953732,2.016840231770069,1.8047836044928411,0.21205662727722796,10.514299741587244
scenario_1_default,2026-04-01 01:40:00,-2267800.0,5009340.0,3221000.0,-2267802.0915505746,5009339.556006549,3221001.587301705,0.25252517284741316,-0.9597918081301025,-0.6226240479877561,-2267801.839025402,5009338.596214741,3221000.964677657,2.6629383570905443,2.5066372824392724,0.15630107465127185,5.8694965369773815
scenario_3_elevation_mask,2026-05-03 00:05:00,-2200000.0,4950000.0,3300000.0,-2199995.509412674,4949994.613590149,3299997.5285891383,-0.646352327333716,6.0799285473200495,3.165165123154395,-2199996.155765001,4950000.693518696,3300000.6937542614,7.435499799110272,3.9674180373855124,3.46808176172476,46.642214449925056
scenario_3_elevation_mask,2026-05-03 01:33:30,-2200000.0,4950000.0,3300000.0,-2200004.20521381,4950004.864545484,3299996.3026105426,1.0608107337624233,-2.5180811970380343,-1.6091832118113416,-2200003.1444030763,4950002.3464642875,3299994.693427331,7.417433164693305,6.599460497028359,0.8179726676649466,11.027705265461169
scenario_3_elevation_mask,2026-05-03 00:07:00,-2200000.0,4950000.0,3300000.0,-2199997.248506473,4949994.458965374,3300000.116415497,0.005097521001744099,4.109319322856338,1.8773889011981169,-2199997.243408952,4949998.568284697,3300001.993804398,6.187675971018838,3.691051190786574,2.4966247802322643,40.348343900451205
scenario_1_default,2026-04-01 01:17:30,-2267800.0,5009340.0,3221000.0,-2267799.9599521426,5009342.26751673,3220999.545184678,0.46732778566183697,-1.2347833945044897,-1.0299176344123566,-2267799.492624357,5009341.032733336,3220998.5152670434,2.3130267898373313,1.8784036145616074,0.4346231752757239,18.79023525301623
scenario_3_elevation_mask,2026-05-03 00:23:30,-2200000.0,4950000.0,3300000.0,-2199995.6049135476,4949997.661149108,3300003.187590501,0.45161068044035346,-0.3516350801332404,-0.9407356166102545,-2199995.153302867,4949997.309514028,3300002.246854884,5.91166149405504,5.98143333448749,-0.0697718404324501,-1.1802407919096
scenario_1_default,2026-04-01 01:26:30,-2267800.0,5009340.0,3221000.0,-2267800.372867999,5009338.815430902,3220998.9722367767,-0.4597659830359362,1.4930530047101946,0.7336263515745713,-2267800.832633982,5009340.308483907,3220999.7058631284,1.6119961960137088,0.9353919862865292,0.6766042097271796,41.97306491171308
scenario_1_default,2026-04-01 00:39:00,-2267800.0,5009340.0,3221000.0,-2267799.0792057323,5009339.919983556,3221000.472436599,-0.10191340356152523,0.30440400843823845,-0.06927573212857396,-2267799.181119136,5009340.224387564,3221000.403160867,1.0380082151910635,0.9399225141749474,0.09808570101611602,9.449414713742092
scenario_2_different_seed,2026-05-01 00:54:00,-2350000.0,5100000.0,3150000.0,-2349998.8063386916,5099999.744287624,3149999.4204460667,-0.28743134873889176,0.7025403830901666,0.43394533417460934,-2349999.09377004,5100000.446828007,3149999.8543914007,1.3513322685463476,1.020837828384707,0.33049444016164053,24.456933935068342
scenario_1_default,2026-04-01 00:59:00,-2267800.0,5009340.0,3221000.0,-2267800.1247232184,5009340.344239172,3220999.3689010786,-0.31715753179651074,-0.26383198258491447,0.09051824674639875,-2267800.44188075,5009340.080407189,3220999.4594193255,0.7296179391086819,0.7028167463760128,0.02680119273266912,3.67331877357759
scenario_1_default,2026-04-01 01:13:00,-2267800.0,5009340.0,3221000.0,-2267798.042112633,5009341.106448855,3221000.8025330007,0.15819632323382393,-0.39443944928810026,-0.31952766244637587,-2267797.88391631,5009340.712009406,3221000.4830053383,2.3878046879714527,2.2843077143064874,0.10349697366496535,4.3343986292652215
scenario_2_different_seed,2026-05-01 01:06:30,-2350000.0,5100000.0,3150000.0,-2349996.9525337797,5100000.035991495,3149998.9203054453,-0.6181122484452999,1.1132220795447552,0.9411007208707929,-2349997.570646028,5100001.149213574,3149999.861406166,3.233277916163872,2.6910334093659682,0.5422445067979038,16.770736103045873
scenario_2_different_seed,2026-05-01 01:19:30,-2350000.0,5100000.0,3150000.0,-2350000.3118682085,5100000.325506216,3150001.446942778,0.5547541650761332,-0.8081689960834986,-0.367221591040618,-2349999.7571140435,5099999.51733722,3150001.079721187,1.5155393358098257,1.2073751647509812,0.3081641710588445,20.333630660544852
scenario_2_different_seed,2026-05-01 01:30:00,-2350000.0,5100000.0,3150000.0,-2350002.0776496045,5099999.584312633,3150000.3663462293,0.27684576008937256,-0.34334660773669157,-0.2605692555437713,-2350001.8008038444,5099999.240966025,3150000.105776974,2.150263571355011,1.957093720176421,0.1931698511785902,8.983542936406732
scenario_1_default,2026-04-01 01:00:30,-2267800.0,5009340.0,3221000.0,-2267801.625521688,5009339.457002739,3221000.6910579605,0.06852522029316788,-0.5780965330211938,-0.19122575355243043,-2267801.5569964675,5009338.878906206,3221000.499832207,1.8478982350896855,1.9826551715667335,-0.134756936477048,-7.292443594465999
scenario_3_elevation_mask,2026-05-03 02:00:00,-2200000.0,4950000.0,3300000.0,-2199999.3960814658,4949994.806487362,3299996.7708762246,-1.8560261392194661,3.1614818599231196,3.089726037451044,-2200001.252107605,4949997.967969222,3299999.860602262,6.145285304591632,2.3908898482178977,3.7543954563737345,61.09391623475198
scenario_1_default,2026-04-01 00:15:30,-2267800.0,5009340.0,3221000.0,-2267800.5465427344,5009339.746397439,3220999.9489394156,-0.12673842047036032,-0.14012988884923416,0.022891491962298005,-2267800.673281155,5009339.606267551,3220999.9718309077,0.604673798440644,0.780465407911007,-0.1757916094703631,-29.07213937890169
scenario_1_default,2026-04-01 00:29:30,-2267800.0,5009340.0,3221000.0,-2267798.5320204822,5009342.076839641,3220999.0127795176,-0.0020676490502182787,-0.7521942952426564,0.024641375160172174,-2267798.5340881315,5009341.324645345,3220999.0374208926,2.728155244639271,2.197758274798381,0.5303969698408904,19.441597793347785
scenario_3_elevation_mask,2026-05-03 01:14:30,-2200000.0,4950000.0,3300000.0,-2200004.8697860176,4950002.976173274,3299998.7794318516,0.8789201870674788,-1.835568560486207,-1.145881804855719,-2200003.9908658303,4950001.140604714,3299997.633550047,5.836283905026736,4.777873435899897,1.058410469126839,18.135006561542355
scenario_3_elevation_mask,2026-05-03 00:57:00,-2200000.0,4950000.0,3300000.0,-2199997.628121233,4949992.220405008,3299999.797953727,-2.1208795287377598,5.8145020412511155,3.5045212105452492,-2199999.7490007617,4949998.034907049,3300003.302474938,8.135645630516894,3.8510948625887704,4.284550767928124,52.66393059029917
scenario_2_different_seed,2026-05-01 01:30:30,-2350000.0,5100000.0,3150000.0,-2349998.015845071,5100000.287320005,3149999.3072669343,-0.057962275987847534,0.5809231757146556,0.43900423234799746,-2349998.073807347,5100000.86824318,3149999.7462711665,2.121155974342283,2.1280137868520783,-0.006857812509795114,-0.3233054331104316
scenario_2_different_seed,2026-05-01 01:13:30,-2350000.0,5100000.0,3150000.0,-2349999.297418053,5100001.487865368,3150000.4196794014,0.24781791923169294,-0.9823364273244568,-0.5384123392998958,-2349999.0496001337,5100000.505528941,3149999.881267062,1.6980858475179195,1.0830128930469187,0.6150729544710007,36.22154647658413
scenario_1_default,2026-04-01 00:10:30,-2267800.0,5009340.0,3221000.0,-2267799.161813372,5009341.236176007,3221001.410937683,0.36018957250212225,-1.0571128723759422,-0.8354014929088862,-2267798.8016237994,5009340.179063135,3221000.57553619,2.0546126376658314,1.3414212725913908,0.7131913650744406,34.71171898780252
scenario_3_elevation_mask,2026-05-03 01:07:00,-2200000.0,4950000.0,3300000.0,-2200005.956835169,4950001.407121737,3300001.903514025,0.9018329113858954,-1.7646015835964786,-1.3673400136522673,-2200005.0550022577,4949999.642520153,3300000.536174011,6.409933108333099,5.095912306579013,1.3140208017540855,20.499758414730106
scenario_1_default,2026-04-01 01:12:00,-2267800.0,5009340.0,3221000.0,-2267799.7381825,5009340.994077751,3221000.6551002953,0.12824136559879662,-0.9196948988967115,-0.6539817316706831,-2267799.609941134,5009340.074382853,3221000.0011185636,1.2189730825931337,0.39708938381170716,0.8218836987814266,67.42426970028124
scenario_3_elevation_mask,2026-05-03 01:30:30,-2200000.0,4950000.0,3300000.0,-2200002.697319356,4949997.877005027,3299992.1262504933,-1.8582897986815397,5.886352340390408,2.8703714862008383,-2200004.5556091545,4950003.763357367,3299994.9966219794,8.589445305578392,7.742753067238469,0.8466922383399238,9.857356420792875
scenario_3_elevation_mask,2026-05-03 01:26:00,-2200000.0,4950000.0,3300000.0,-2200007.673953975,4950008.173751492,3299999.063675009,1.9690586935246301,-4.509432300112678,-2.9934575338227773,-2200005.7048952817,4950003.664319192,3299996.0702174753,11.25062165189119,7.8368524298928275,3.413769221998363,30.342938618192
scenario_2_different_seed,2026-05-01 01:10:00,-2350000.0,5100000.0,3150000.0,-2349996.9130599545,5099998.65922693,3149998.4766724207,-0.8398232550849798,1.8901725630828121,1.5751179180962822,-2349997.75288321,5100000.549399493,3150000.051790339,3.6942385120476984,2.3138832967529406,1.3803552152947578,37.365081079446426
scenario_2_different_seed,2026-05-01 01:23:30,-2350000.0,5100000.0,3150000.0,-2350000.8588370285,5100001.229025943,3150001.280402879,0.6237645992418948,-1.4636428734797047,-0.8672858953506761,-2350000.2350724293,5099999.765383069,3150000.413116984,1.9716838853464171,0.5300658389882221,1.4416180463581951,73.11608402707559
scenario_2_different_seed,2026-05-01 00:43:00,-2350000.0,5100000.0,3150000.0,-2349999.074209938,5099999.120556129,3149999.6976306764,-0.6894717266983434,1.0808836456716726,0.5984710006050022,-2349999.7636816646,5100000.201439775,3150000.296101677,1.3122255785644004,0.42906939030394275,0.8831561882604576,67.30216227202698
scenario_3_elevation_mask,2026-05-03 00:39:30,-2200000.0,4950000.0,3300000.0,-2200001.0204634327,4949997.852007913,3300002.278621305,0.07756015065490374,-0.24956175923755453,0.33906157152699734,-2200000.942903282,4949997.602446154,3300002.6176828765,3.2935286050160144,3.6728183574931172,-0.37928975247710284,-11.516212487101159
scenario_2_different_seed,2026-05-01 00:40:30,-2350000.0,5100000.0,3150000.0,-2350001.568905506,5099999.320045638,3149998.6566481134,-0.18533885440569975,0.6692330876149608,0.3730813073957506,-2350001.75424436,5099999.989278725,3149999.029729421,2.174487689543889,2.004722728386333,0.16976496115755602,7.80712449989382
scenario_2_different_seed,2026-05-01 01:31:00,-2350000.0,5100000.0,3150000.0,-2350001.2436585072,5099999.660894432,3150001.722240541,0.2622417332722762,-0.5172948718662802,-0.3884027590283381,-2350000.981416774,5099999.1435995605,3150001.333837782,2.1512302411242494,1.8643293233317881,0.2869009177924613,13.336597464459437
scenario_2_different_seed,2026-05-01 01:57:00,-2350000.0,5100000.0,3150000.0,-2350002.765927582,5100000.441774918,3149997.820037797,0.544904775437999,-0.016033767328007542,0.0709536061988274,-2350002.2210228066,5100000.42574115,3149997.8909914033,3.549331722057297,3.0922669832021397,0.4570647388551574,12.877487218642647
scenario_3_elevation_mask,2026-05-03 01:56:00,-2200000.0,4950000.0,3300000.0,-2200000.1579556097,4950000.647038582,3299995.445692328,-0.6651234427412192,1.1111988562862667,1.8611069810530125,-2200000.8230790524,4950001.758237438,3299997.306799309,4.6027521412708285,3.319968068908022,1.2827840723628063,27.869935920743
scenario_3_elevation_mask,2026-05-03 00:15:30,-2200000.0,4950000.0,3300000.0,-2199996.3836808945,4949996.626724235,3299996.3621276766,-1.264934861147708,6.506608392053542,3.1237334432041735,-2199997.6486157556,4950003.133332627,3299999.48586112,6.139288908520859,3.951090989038361,2.188197919482498,35.64253046383675
scenario_3_elevation_mask,2026-05-03 00:41:00,-2200000.0,4950000.0,3300000.0,-2200001.3940264033,4950005.533028518,3300004.02206846,2.022133205005048,-5.189814319770585,-2.865167283200549,-2199999.371893198,4950000.343214198,3300001.156901177,6.981027781742176,1.3604170219229508,5.620610759819225,80.5126542329352
scenario_2_different_seed,2026-05-01 00:38:00,-2350000.0,5100000.0,3150000.0,-2349997.0214525117,5099999.291331734,3149999.99697215,-0.6926366994521231,1.1164724556703565,0.8719644310704666,-2349997.714089211,5100000.407804189,3150000.868936581,3.061693162288094,2.479262626994321,0.5824305352937729,19.02315171447505
scenario_3_elevation_mask,2026-05-03 00:38:30,-2200000.0,4950000.0,3300000.0,-2200002.910278055,4949997.656016003,3299995.9308318715,-1.0053655877736674,2.8809876663004257,2.454615899243265,-2200003.9156436427,4950000.53700367,3299998.385447771,5.524681763835907,4.269357911734542,1.2553238521013643,22.722102480519453
scenario_1_default,2026-04-01 00:42:00,-2267800.0,5009340.0,3221000.0,-2267801.167323319,5009341.373291524,3221000.0115981246,0.3356925191371829,-1.445743118865913,-1.1386741166180627,-2267800.8316307995,5009339.927548406,3220998.872924008,1.8024172261971023,1.4025545664929544,0.3998626597041479,22.184800161270825
scenario_3_elevation_mask,2026-05-03 00:14:30,-2200000.0,4950000.0,3300000.0,-2200002.4276349153,4950003.64084233,3300005.2445340343,2.9169533881142797,-4.54102605293795,-3.108346418906933,-2199999.510681527,4949999.099816277,3300002.1361876153,6.830393940961123,2.369189910382381,4.461204030578742,65.31400778841451
scenario_1_default,2026-04-01 01:13:30,-2267800.0,5009340.0,3221000.0,-2267801.6198013,5009339.4454329265,3221000.6271947175,-0.09866889829424963,-0.34028819689155654,-0.2747557781426053,-2267801.7184701986,5009339.10514473,3221000.3524389393,1.8233688887653066,1.9692940318339474,-0.1459251430686408,-8.003051053890358
scenario_1_default,2026-04-01 01:45:30,-2267800.0,5009340.0,3221000.0,-2267797.884584269,5009340.227721669,3221000.0989393815,-0.2594027367530316,0.16265840885340488,0.47524101597605295,-2267798.1439870056,5009340.390380078,3221000.5741803977,2.129936589320448,1.9816316433267522,0.1483049459936956,6.962880807686956
scenario_1_default,2026-04-01 01:38:30,-2267800.0,5009340.0,3221000.0,-2267798.600394195,5009340.068618806,3221001.0979091004,0.0007244168182296562,-0.013929996267719957,-0.03797938321491756,-2267798.5996697783,5009340.054688809,3221001.0599297173,1.7801711554591981,1.7570903794333406,0.023080776025857563,1.2965481411760005
scenario_3_elevation_mask,2026-05-03 01:06:30,-2200000.0,4950000.0,3300000.0,-2200001.813046277,4950008.966161021,3300000.4058841723,2.29229137848597,-5.9052142955154565,-3.562159708480351,-2199999.5207548984,4950003.060946725,3299996.8437244636,9.156632689971744,4.422798433597044,4.7338342563747,51.69841814840023
scenario_1_default,2026-04-01 01:56:00,-2267800.0,5009340.0,3221000.0,-2267797.995691855,5009340.672744156,3221000.2752173888,-0.0007091252248301316,-0.0887585439766081,0.2652853259573362,-2267797.9964009803,5009340.583985612,3221000.540502715,2.1320366907123605,2.1558273148500358,-0.023790624137675298,-1.1158637297994307
scenario_2_different_seed,2026-05-01 00:20:00,-2350000.0,5100000.0,3150000.0,-2349999.9619094403,5100001.564751856,3150000.0170889543,0.2569958986413212,-0.8332071374102963,-0.539036773728526,-2349999.7049135417,5100000.731544719,3149999.4780521807,1.5653086896971427,0.945866385882389,0.6194423038147536,39.573172237011214
scenario_1_default,2026-04-01 00:35:30,-2267800.0,5009340.0,3221000.0,-2267801.513592823,5009341.176595466,3220997.993284465,0.10670223513466226,-0.32864940997344405,-0.48669990423769605,-2267801.406890588,5009340.847946056,3220997.5065845605,2.7752923024307328,2.9858791325802443,-0.21058683014951152,-7.5879153329207725
scenario_2_different_seed,2026-05-01 01:03:30,-2350000.0,5100000.0,3150000.0,-2350000.5945011443,5100000.931017998,3150000.432606348,0.47125012547132883,-0.8066112319448351,-0.5814132783236232,-2350000.1232510186,5100000.124406766,3149999.8511930695,1.1863281058376622,0.22980722272093004,0.9565208831167322,80.62869609258192
scenario_2_different_seed,2026-05-01 00:53:30,-2350000.0,5100000.0,3150000.0,-2349999.7670954918,5099999.176359762,3150001.5628636233,0.023490211766670654,0.11061451680837209,-0.030043468257474615,-2349999.74360528,5099999.286974279,3150001.532820155,1.7819007985279487,1.7098776442618142,0.07202315426613448,4.041928390493665
scenario_1_default,2026-04-01 00:57:30,-2267800.0,5009340.0,3221000.0,-2267798.5601196717,5009339.288248914,3221000.2844068483,-0.6152668040014078,0.6774992356388285,0.775962828954448,-2267799.175386476,5009339.96574815,3221001.0603696774,1.6311751049553185,1.3437055131688362,0.28746959178648224,17.623466108156222
scenario_3_elevation_mask,2026-05-03 01:47:00,-2200000.0,4950000.0,3300000.0,-2199998.8908434063,4949996.62304049,3299996.4223370776,-1.369319902719667,5.262491117185954,3.286605660848636,-2200000.260163309,4950001.885531607,3299999.7089427384,5.043189057441406,1.925520375961336,3.1176686814800703,61.81938939766374
scenario_2_different_seed,2026-05-01 01:53:30,-2350000.0,5100000.0,3150000.0,-2350001.1849817364,5100000.4708415335,3150000.558203606,0.7610065019048307,-0.7453341987144899,-0.49124200739913704,-2350000.4239752344,5099999.725507335,3150000.0669615986,1.3919284215955245,0.5094949247071374,0.8824334968883871,63.39647091025563
scenario_2_different_seed,2026-05-01 00:48:00,-2350000.0,5100000.0,3150000.0,-2350000.543022378,5100000.356164507,3149998.4050599174,-0.09864276881125988,0.34705252230450867,0.07801337831239152,-2350000.6416651467,5100000.703217029,3149998.4830732956,1.7220802321223372,1.7908978129656963,-0.0688175808433591,-3.9961890020969864
scenario_3_elevation_mask,2026-05-03 01:30:00,-2200000.0,4950000.0,3300000.0,-2200007.052110875,4949996.670491277,3299993.5703646224,-1.6032682817840396,5.856282870094281,2.4620031558400797,-2200008.6553791566,4950002.5267741475,3299996.032367778,10.107329381071962,9.85100408008067,0.2563253009912909,2.5360339148668922
