epoch,sat_id,x_m,y_m,z_m,satellite_clock_bias_s,satellite_clock_correction_m,relativistic_correction_s,position_norm_m,health,status
2026-04-01 00:00:00,C01,-32331387.20144305,27073981.89799754,258898.09241525969,-8.097642745672299e-07,-242.76122227309673,7.83087994714105e-10,42170915.59837171,0.0,计算成功
2026-04-01 00:00:00,C02,7324338.875374939,41485059.72188551,-1904424.4960235106,5.115259281194957e-07,153.35161532167496,7.882644025376853e-10,42169692.34830616,0.0,计算成功
2026-04-01 00:00:00,C03,-14737002.612285638,39467144.110866316,-1670293.877936975,-6.859297271043789e-07,-205.63655890389097,1.1653257493596708e-09,42161885.53541074,0.0,计算成功
2026-04-01 00:00:00,C04,-39515732.40100461,14501319.127943927,-2133130.2556489706,4.1578627170766396e-07,124.64958839789644,1.8022459811072259e-09,42146549.18644993,0.0,计算成功
2026-04-01 00:00:00,C06,-18557023.302134734,19383956.342584595,-32471506.679564282,0.0002827145627064133,84755.69366615078,-5.937147432258971e-09,42124810.06922387,0.0,计算成功
2026-04-01 00:00:00,C07,-21354671.7239323,36152936.562362924,1886585.66438087,-2.1940587763045337e-05,-6577.622735448083,6.7260628263394245e-09,42031131.70006488,0.0,计算成功
2026-04-01 00:00:00,C08,-5954274.50104763,31867931.75258178,27162946.881690014,-0.00022174578758725867,-66477.71471193017,8.51617866311645e-09,42294729.486291185,0.0,计算成功
2026-04-01 00:00:00,C09,-3494010.1036218395,20727946.548970025,-36348222.447200716,-0.00040339518137011063,-120934.83296830127,-1.0982153262069356e-08,41988678.829088636,0.0,计算成功
2026-04-01 00:00:00,C10,-19122842.507978745,36327312.33888115,9019560.319941921,-0.0008120012356425465,-243431.84633231623,2.8169226876359185e-08,42032239.955974944,0.0,计算成功
2026-04-01 00:00:00,C11,11411446.080595922,20973800.30107412,-14434277.671415556,-0.0005948442220292024,-178329.81144923234,3.7008570913135187e-10,27901071.173258036,0.0,计算成功
2026-04-01 00:00:00,C12,20005819.587846484,17180217.070792645,-9147343.933987046,0.0006599690212389779,197853.7350810874,6.539941370040269e-10,27911764.133204956,0.0,计算成功
2026-04-01 00:00:00,C13,-16246995.756676935,-1870339.967256628,22598911.887044583,-0.0009303564703689626,-278913.8530681154,-5.506056128728987e-10,27895767.800671857,0.0,计算成功
2026-04-01 00:00:00,C14,-2840984.893642756,-17765320.171511434,21329145.226514015,-0.00037735814824777045,-113129.1268095275,-8.406772360626125e-10,27903588.157366842,0.0,计算成功
2026-04-01 00:00:00,C19,24865211.34717555,12715371.93378197,480356.0787599062,-0.0009522413037248167,-285474.76105278736,1.3024928333348625e-09,27931884.30300612,0.0,计算成功
2026-04-01 00:00:00,C20,14328656.831403766,18696826.344126247,-14996415.164853455,-0.0009278209433015588,-278153.72117625293,1.6333123163746002e-09,27924437.14260314,0.0,计算成功
2026-04-01 00:00:00,C21,6598125.54006383,-13880647.173922662,23300564.886737656,-0.0008612513075807771,-258196.6464553552,-2.038743681212165e-09,27912791.88204651,0.0,计算成功
2026-04-01 00:00:00,C22,22146985.515622746,-964182.1807278357,16966515.944769327,0.0004490814051581238,134631.2182944478,-1.7627922852843587e-09,27915609.934424654,0.0,计算成功
2026-04-01 00:00:00,C23,-24969575.9106638,10754376.900389604,-6305933.516564371,-0.000469601283146938,-140782.92295457452,5.804953771843211e-10,27908800.42548166,0.0,计算成功
2026-04-01 00:00:00,C24,-1268079.7166507477,-17740755.95011093,-21512493.633997623,-0.00022085810517623482,-66211.59422000597,1.2994589220564443e-09,27912897.20186648,0.0,计算成功
2026-04-01 00:00:00,C25,-19816999.117516316,-3408482.7003248315,-19371671.274479512,0.0008976457044155456,269107.41213987785,4.1507343600375384e-10,27921190.094774805,0.0,计算成功
2026-04-01 00:00:00,C26,15118035.443253944,-20390758.571305327,-11578608.974873679,-0.0006219639005090779,-186460.08652088392,2.086456672636319e-09,27899860.511654343,0.0,计算成功
2026-04-01 00:00:00,C27,-7744557.985486794,23719399.686470952,12468350.888880994,0.0006173075827223302,185064.1575663657,1.3827662134542056e-09,27893509.527583387,0.0,计算成功
2026-04-01 00:00:00,C28,-14762015.24674872,10370898.28077219,21288961.16196073,0.0005041648392428438,151144.816393787,-1.0317008027903437e-10,27905062.133076098,0.0,计算成功
2026-04-01 00:00:00,C29,15059526.262680452,13773230.281108033,-19043947.80534803,0.0005872861652262656,176063.9630225763,4.0949836287871826e-10,27913494.078055035,0.0,计算成功
2026-04-01 00:00:00,C30,6260235.656617505,26674919.03144883,-5256926.615517314,0.00042327969740147987,126896.06090548587,1.3559150640751914e-09,27899410.98395575,0.0,计算成功
2026-04-01 00:00:00,C31,6822527.456545059,-24056222.20183266,-12442717.13172068,0.0008371513984484389,250971.6754589949,-8.300931318876992e-10,27929731.777073566,0.0,计算成功
2026-04-01 00:00:00,C32,-6508899.550237715,13923799.740812419,-23281117.33324816,-0.0009290765234804963,-278530.1346443127,1.5587279395159835e-09,27897103.73608344,0.0,计算成功
2026-04-01 00:00:00,C33,-24890371.812141784,-12573144.908440167,-372376.76631686854,-0.000921398562200822,-276228.3397598503,1.1577330809421576e-10,27888227.736652426,0.0,计算成功
2026-04-01 00:00:00,C34,-5915769.342021983,-26860875.0023963,4748778.061208159,0.0009206763283182145,276011.8194889325,-1.5841997015574668e-09,27911535.71333863,0.0,计算成功
2026-04-01 00:00:00,C35,15024265.23022715,-8893518.176425401,-21800451.13142668,-0.0003368947339088178,-100998.50036578043,9.770071597126191e-10,27929963.852399528,0.0,计算成功
2026-04-01 00:00:00,C36,19409637.344303343,4271529.676476924,19605765.70626806,0.0002911154686202871,87274.22189949774,-1.4192451072630684e-09,27917128.013881993,0.0,计算成功
2026-04-01 00:00:00,C37,-16468185.312884938,19867366.68812813,10668452.138339037,-0.000980759243854846,-294024.22442146565,-2.0706212781047237e-10,27923632.601223167,0.0,计算成功
2026-04-01 00:00:00,C38,-15527014.563534124,-12343125.154575167,19616850.906926274,0.00013585146501096573,40727.24461853841,-1.4170564358488559e-09,27897343.230893534,0.0,计算成功
2026-04-01 00:00:00,C39,25040532.79222635,-10243748.309028596,6785421.667514902,-0.0007855012224394555,-235487.3422371291,-1.3047108571384455e-10,27892733.984736424,0.0,计算成功
2026-04-01 00:00:00,C40,2095605.318322612,17220070.90702551,21857674.163801804,-0.000365602838420582,-109604.97358188313,-1.9920128984726393e-09,27904844.087435737,0.0,计算成功
2026-04-01 00:00:00,C41,-22808628.53108679,75388.89150848053,-15996796.953090118,-0.0009391167272317662,-281540.1120057267,-1.2348030582171403e-09,27859230.63748284,0.0,计算成功
2026-04-01 00:00:00,C42,-12003793.547836643,-18770193.28630097,16806382.78557159,-0.000895833730895635,-268564.196144513,-3.657463544283333e-09,27908165.792099983,0.0,计算成功
2026-04-01 00:05:00,C01,-32330968.331462137,27073983.43338863,265815.0549034951,-8.097482744980487e-07,-242.75642557302876,7.924267257474786e-10,42170638.48040272,0.0,计算成功
2026-04-01 00:05:00,C02,7323584.122900775,41484270.75192781,-1918717.904489024,5.115049134330946e-07,153.34531527718465,7.949608828312183e-10,42169433.03651904,0.0,计算成功
2026-04-01 00:05:00,C03,-14737563.208004897,39466252.81449619,-1676260.5315171862,-6.859216621439322e-07,-205.63414108957497,1.1595351264591485e-09,42161483.96222778,0.0,计算成功
2026-04-01 00:05:00,C04,-39516196.92562368,14499401.287381496,-2126086.4081687257,4.156789067131382e-07,124.6174011822844,1.776149311983988e-09,42145968.97180311,0.0,计算成功
2026-04-01 00:05:00,C06,-18958387.76596493,19575374.240909323,-32125432.893006045,0.0002827150960938107,84755.85357166971,-6.003813375237594e-09,42126703.90523545,0.0,计算成功
2026-04-01 00:05:00,C07,-21030008.329301447,36371756.02409968,1127201.8803428712,-2.1940991521384985e-05,-6577.743779153165,6.52827306221845e-09,42028995.59454363,0.0,计算成功
2026-04-01 00:05:00,C08,-5872234.829332322,31484085.167301204,27620264.5517558,-0.00022174656405949647,-66477.94749245091,8.699472025642598e-09,42291958.74657117,0.0,计算成功
2026-04-01 00:05:00,C09,-3962991.878494203,20758950.610321682,-36286490.67619561,-0.0004034011912019632,-120936.63467056451,-1.124671418896967e-08,41992246.19693994,0.0,计算成功
2026-04-01 00:05:00,C10,-18871157.341293294,36622869.69008974,8282284.5661210185,-0.0008119996736344089,-243431.37805405722,2.796118424134655e-08,42023224.54752072,0.0,计算成功
2026-04-01 00:05:00,C11,11404129.472154183,21458140.226054225,-13709688.672426196,-0.0005948507017093424,-178331.75400846856,3.516371189475965e-10,27900923.183176454,0.0,计算成功
2026-04-01 00:05:00,C12,19700524.485049862,17057291.674266405,-9999318.999723857,0.0006599675917067976,197853.30651812127,6.715710560308727e-10,27911435.733499732,0.0,计算成功
2026-04-01 00:05:00,C13,-16290658.874908721,-2643391.3020069227,22490367.021672327,-0.0009303556863879594,-278913.61803652346,-5.849033877278976e-10,27896051.565117497,0.0,计算成功
2026-04-01 00:05:00,C14,-2176359.705418908,-17447555.83994576,21667454.97549313,-0.00037735575679704117,-113128.40987063518,-8.489069611099011e-10,27903984.508854974,0.0,计算成功
2026-04-01 00:05:00,C19,24859539.83188828,12725574.67770792,-465927.92837121605,-0.0009522403032271268,-285474.46111112565,1.3885220223193282e-09,27931238.07434245,0.0,计算成功
2026-04-01 00:05:00,C20,13857118.419382598,18464907.179239985,-15708469.264851816,-0.0009278193484909057,-278153.2430640472,1.6938835672257187e-09,27923619.655616548,0.0,计算成功
2026-04-01 00:05:00,C21,7307749.86789785,-13516974.776981201,23303789.905749224,-0.0008612506160108405,-258196.439127904,-2.0138404664845134e-09,27913767.91521715,0.0,计算成功
2026-04-01 00:05:00,C22,22649827.9188698,-696208.6169904042,16304286.513457974,0.0004490818428817196,134631.34952068052,-1.7290122347735896e-09,27916467.718995415,0.0,计算成功
2026-04-01 00:05:00,C23,-24805185.37911979,10583064.31825015,-7182378.926655853,-0.0004696004174385688,-140782.6634217346,5.876904858976596e-10,27908511.947124444,0.0,计算成功
2026-04-01 00:05:00,C24,-647983.9720893679,-18131179.54441587,-21211679.287772823,-0.00022086806497947367,-66214.58009390013,1.3204718567549455e-09,27912271.371338803,0.0,计算成功
2026-04-01 00:05:00,C25,-19280895.212299045,-3814160.6330742985,-19831282.505418293,0.0008976429134663996,269106.5754343732,4.6478532967278905e-10,27920968.954036314,0.0,计算成功
2026-04-01 00:05:00,C26,15458951.8103395,-20571557.010418378,-10778613.752496501,-0.0006219656106219427,-186460.5991998231,2.0616623592657795e-09,27898864.91118947,0.0,计算成功
2026-04-01 00:05:00,C27,-7813603.305780939,23280811.123579837,13227287.915002557,0.0006173089857978459,185064.5781978233,1.3371339087630667e-09,27892825.39970238,0.0,计算成功
2026-04-01 00:05:00,C28,-14824185.006379096,9637661.728492754,21588272.951404568,0.0005041660808902623,151145.18863031856,-1.0586062776930461e-10,27905098.346369516,0.0,计算成功
2026-04-01 00:05:00,C29,15096828.654729046,14416995.054112904,-18530767.280090503,0.0005872877270816438,176064.43125503918,4.336504429902008e-10,27913317.92907172,0.0,计算成功
2026-04-01 00:05:00,C30,6225612.28309586,26843849.89759996,-4357853.397846831,0.0004232820223666941,126896.7579125222,1.3299608192137172e-09,27898770.79481167,0.0,计算成功
2026-04-01 00:05:00,C31,6914161.077865992,-23624687.788702067,-13196901.348947292,0.000837148764951145,250970.885956368,-7.50560625036063e-10,27930085.96009279,0.0,计算成功
2026-04-01 00:05:00,C32,-7221760.588681092,13565073.818542413,-23281785.383855905,-0.0009290754696157278,-278529.81870360335,1.5270610433945902e-09,27896354.32028097,0.0,计算成功
2026-04-01 00:05:00,C33,-24880654.807729762,-12584669.445497906,574659.2962245905,-0.0009213980954675483,-276228.199836735,5.3596332762343854e-11,27888189.65118733,0.0,计算成功
2026-04-01 00:05:00,C34,-5878280.178055646,-27013712.3465704,3847330.900783555,0.0009206787281743749,276012.5389477097,-1.5651057951062987e-09,27912305.308861464,0.0,计算成功
2026-04-01 00:05:00,C35,15113841.701749798,-8148323.898396429,-22027968.20303141,-0.00033689927383581013,-100999.86140165261,1.0589830277932154e-09,27929460.726847064,0.0,计算成功
2026-04-01 00:05:00,C36,18858014.13222769,4668910.833064785,20049438.659522157,0.0002911146160463416,87273.96630425898,-1.3815978227220836e-09,27917797.47652652,0.0,计算成功
2026-04-01 00:05:00,C37,-16786711.42866494,20023233.082107548,9849415.224503273,-0.0009807564606010633,-294023.39002297295,-1.4909500816359861e-10,27923726.898720972,0.0,计算成功
2026-04-01 00:05:00,C38,-15568556.44163374,-13008916.959403519,19149149.278918732,0.00013585165764171356,40727.30236778379,-1.446647928607941e-09,27898060.65373193,0.0,计算成功
2026-04-01 00:05:00,C39,24858939.05025457,-10068171.732008753,7659865.96634275,-0.000785507613422836,-235489.2582057458,-1.779953749473508e-10,27892803.361294247,0.0,计算成功
2026-04-01 00:05:00,C40,1464010.230457495,17616758.587035555,21592610.395867515,-0.00036560408922598956,-109605.34856391072,-1.995549351246765e-09,27905811.810024466,0.0,计算成功
2026-04-01 00:05:00,C41,-23283993.313983787,-178757.12998561747,-15296952.922960015,-0.0009391170019949888,-281540.1943776686,-1.3941919040898127e-09,27859882.761498068,0.0,计算成功
2026-04-01 00:05:00,C42,-11476852.468481116,-18515448.00379449,17447733.36272813,-0.0008958334160637887,-268564.10176029993,-3.6477209852363007e-09,27909915.027841892,0.0,计算成功
2026-04-01 00:10:00,C01,-32330556.874541085,27073972.28417487,272605.1043909583,-8.097326534816731e-07,-242.75174251013306,8.013864039753076e-10,42170359.21835555,0.0,计算成功
2026-04-01 00:10:00,C02,7322796.73848943,41483521.880700886,-1932093.2693806435,5.114835183992396e-07,153.33890120739625,8.012770156708051e-10,42169170.30368758,0.0,计算成功
2026-04-01 00:10:00,C03,-14738161.220334113,39465382.37988772,-1681424.5642240122,-6.859141522636377e-07,-205.63188968410222,1.1531894234063142e-09,42161083.8465105,0.0,计算成功
2026-04-01 00:10:00,C04,-39516720.56439148,14497495.941169808,-2118023.3970717867,4.155706905732411e-07,124.58495879970938,1.7492014974894632e-09,42145398.513230115,0.0,计算成功
2026-04-01 00:10:00,C06,-19350972.938000027,19784139.196020514,-31763943.736720067,0.000282715632362151,84756.01434087359,-6.067598375288825e-09,42128617.815972105,0.0,计算成功
2026-04-01 00:10:00,C07,-20695991.316315006,36575994.359978266,367273.56068384985,-2.194139843417095e-05,-6577.86576853746,6.327328851785241e-09,42026923.630626656,0.0,计算成功
2026-04-01 00:10:00,C08,-5807085.582075505,31097154.832136285,28064483.31143408,-0.00022174734465750106,-66478.18150984541,8.8786396214035e-09,42289129.86985152,0.0,计算成功
2026-04-01 00:10:00,C09,-4430148.249309181,20810315.506944988,-36207179.70653842,-0.0004034071955850096,-120938.43473931678,-1.150582630972716e-08,41995896.31512845,0.0,计算成功
2026-04-01 00:10:00,C10,-18606698.81059304,36906956.26543981,7541004.989272787,-0.000811998125142625,-243430.91382789914,2.7739625252600728e-08,42014276.355251536,0.0,计算成功
2026-04-01 00:10:00,C11,11404081.662605267,21917467.56073386,-12962455.333688457,-0.0005948571819702384,-178333.69674181106,3.3260777267003737e-10,27900783.342427127,0.0,计算成功
2026-04-01 00:10:00,C12,19366642.912980545,16928370.78266383,-10834796.041079264,0.0006599661610667257,197852.87762301762,6.880400833507501e-10,27911098.156934507,0.0,计算成功
2026-04-01 00:10:00,C13,-16348913.49540425,-3411109.9455551137,22344661.78920429,-0.0009303549014404854,-278913.3827151909,-6.182346918258167e-10,27896353.776341498,0.0,计算成功
2026-04-01 00:10:00,C14,-1495474.4422053425,-17138776.23500554,21969993.63800945,-0.0003773533639447872,-113127.69251157633,-8.557351615092157e-10,27904385.23055213,0.0,计算成功
2026-04-01 00:10:00,C19,24824974.662966907,12721794.695480399,-1411444.9206016005,-0.0009522393050152171,-285474.16185472364,1.4722654310770982e-09,27930549.655436322,0.0,计算成功
2026-04-01 00:10:00,C20,13359223.359741291,18232611.977204397,-16394641.58870793,-0.0009278177564709627,-278152.76578847534,1.7516641080674363e-09,27922773.162938997,0.0,计算成功
2026-04-01 00:10:00,C21,8024397.784100084,-13168686.590012303,23268584.26186169,-0.0008612499211196347,-258196.2308047614,-1.985615982485774e-09,27914732.30849255,0.0,计算成功
2026-04-01 00:10:00,C22,23137433.177862823,-449091.23891445994,15615173.000406535,0.0004490822834560608,134631.4816015452,-1.6923814388326078e-09,27917308.696103968,0.0,计算成功
2026-04-01 00:10:00,C23,-24619661.084541034,10391693.147719674,-8046969.721195796,-0.00046959955270001413,-140782.4041796378,5.939157801289665e-10,27908219.579325914,0.0,计算成功
2026-04-01 00:10:00,C24,-44335.4076872766,-18527148.597654395,-20875877.20003894,-0.00022087802696085074,-66217.56662078372,1.3393066532075216e-09,27911636.456127893,0.0,计算成功
2026-04-01 00:10:00,C25,-18740414.463983342,-4238933.672254285,-20258212.260738432,0.0008976401217512983,269105.73849924095,5.137312681528816e-10,27920724.506373044,0.0,计算成功
2026-04-01 00:10:00,C26,15774029.01187078,-20742566.146005422,-9960810.983811108,-0.0006219673241405047,-186461.11289976462,2.0334623487457395e-09,27897881.58703028,0.0,计算成功
2026-04-01 00:10:00,C27,-7893190.796111422,22818129.109739047,13964358.317073975,0.0006173103866630759,185064.99816665397,1.2892913184632549e-09,27892163.419501394,0.0,计算成功
2026-04-01 00:10:00,C28,-14901245.706604665,8896174.773277191,21851948.81547849,0.000504167322712431,151145.56091923892,-1.0837642499202407e-10,27905137.810797304,0.0,计算成功
2026-04-01 00:10:00,C29,15144216.986629888,15042027.060970584,-17987022.769216955,0.0005872892882217836,176064.89927307898,4.570872848115444e-10,27913130.858816784,0.0,计算成功
2026-04-01 00:10:00,C30,6190418.509312731,26982802.142772503,-3451579.9546707356,0.0004232843451348176,126897.45426088732,1.3018094836370594e-09,27898141.461035267,0.0,计算成功
2026-04-01 00:10:00,C31,7017113.77906565,-23169817.43219557,-13929356.325697005,0.000837146132689579,250970.09682420304,-6.697923901259861e-10,27930400.879290327,0.0,计算成功
2026-04-01 00:10:00,C32,-7941506.183540029,13221772.54112439,-23243987.147072285,-0.0009290744182741377,-278529.5035193238,1.492870969016888e-09,27895622.02363835,0.0,计算成功
2026-04-01 00:10:00,C33,-24841892.769472003,-12582460.121049507,1520744.936987388,-0.0009213976288229139,-276228.059940193,-8.66928175074337e-12,27888180.367874835,0.0,计算成功
2026-04-01 00:10:00,C34,-5839938.037492518,-27136568.067957275,2939536.204045119,0.0009206811306123293,276013.2591804893,-1.5434300946336248e-09,27913062.818034183,0.0,计算成功
2026-04-01 00:10:00,C35,15218493.069450552,-7397863.601450705,-22219218.91433627,-0.0003369038155063576,-101001.22296022945,1.1392153407619862e-09,27928920.60810411,0.0,计算成功
2026-04-01 00:10:00,C36,18302127.906088814,5085061.581023268,20460059.479898967,0.00029111376575001577,87273.71139183344,-1.3416729184643207e-09,27918448.579651367,0.0,计算成功
2026-04-01 00:10:00,C37,-17079010.483074266,20169053.33316383,9014149.164485991,-0.0009807536771016445,-294022.55555084033,-9.088225253706775e-11,27923792.661394894,0.0,计算成功
2026-04-01 00:10:00,C38,-15620585.133388493,-13657395.43266319,18649812.323576003,0.00013585185266238453,40727.3608335101,-1.4738494982614823e-09,27898792.61936212,0.0,计算成功
2026-04-01 00:10:00,C39,24656269.896682218,-9872360.447672175,8521646.22627212,-0.0007855140041119913,-235491.17408615598,-2.2522543884207844e-10,27892895.160462234,0.0,计算成功
2026-04-01 00:10:00,C40,848203.3239638545,18020091.830240384,21291906.15376848,-0.0003656053367374336,-109605.72255843291,-1.995791840492617e-09,27906781.005876753,0.0,计算成功
2026-04-01 00:10:00,C41,-23742543.305554736,-412258.09175586887,-14571731.421456285,-0.0009391172744454742,-281540.2760562693,-1.5512680128165905e-09,27860611.550528042,0.0,计算成功
2026-04-01 00:10:00,C42,-10925361.158680826,-18262608.54263293,18060295.1022869,-0.0008958330952134227,-268564.00557178,-3.63195990637258e-09,27911657.894341372,0.0,计算成功
2026-04-01 00:15:00,C01,-32330153.08037024,27073948.544322755,279264.99229891435,-8.097174158108608e-07,-242.74717437134603,8.099627366398761e-10,42170077.98091833,0.0,计算成功
2026-04-01 00:15:00,C02,7321978.41242018,41482814.13800154,-1944544.1687800926,5.114617399890306e-07,153.33237220426838,8.072097721564482e-10,42168904.286266014,0.0,计算成功
2026-04-01 00:15:00,C03,-14738795.526133249,39464533.899148464,-1685783.4769530725,-6.859071944402726e-07,-205.62980378113326,1.1462916634240638e-09,42160685.423381954,0.0,计算成功
2026-04-01 00:15:00,C04,-39517301.94756674,14495605.387691248,-2108945.0443392005,4.1546163616794757e-07,124.5522651114907,1.721415417598495e-09,42144838.094016545,0.0,计算成功
2026-04-01 00:15:00,C06,-19734029.22631938,20009851.652404964,-31387214.705791064,0.00028271617154164116,84756.17598281825,-6.128472225446579e-09,42130550.90601009,0.0,计算成功
2026-04-01 00:15:00,C07,-20353267.550534002,36765252.859860465,-392832.0852148346,-2.1941808404757403e-05,-6577.9886746272805,6.123326840860129e-09,42024916.833710365,0.0,计算成功
2026-04-01 00:15:00,C08,-5758944.758544859,30707877.862877388,28495389.855959058,-0.00022174812946708036,-66478.41678983824,9.053595642403108e-09,42286244.224528395,0.0,计算成功
2026-04-01 00:15:00,C09,-4894588.196285229,20881944.194243904,-36110332.51849532,-0.0004034131943951693,-120940.23313735964,-1.175936554377882e-08,41999627.39762142,0.0,计算成功
2026-04-01 00:15:00,C10,-18329976.66672639,37179011.47174621,6796077.624209981,-0.0008119965900686504,-243430.4536242991,2.7504648454643278e-08,42005399.76828286,0.0,计算成功
2026-04-01 00:15:00,C11,11410189.416501965,22350948.78834041,-12193811.304840494,-0.0005948636627804719,-178335.6396398408,3.1302908898583674e-10,27900651.75578386,0.0,计算成功
2026-04-01 00:15:00,C12,19004333.315859944,16794852.12401579,-11652396.099516733,0.0006599647292915531,197852.4483876193,7.033740099417506e-10,27910752.005417097,0.0,计算成功
2026-04-01 00:15:00,C13,-16421425.135831246,-4171963.7577456054,22162038.00073493,-0.0009303541154714973,-278913.147087616,-6.505444817892111e-10,27896673.877608996,0.0,计算成功
2026-04-01 00:15:00,C14,-799543.5515737468,-16840029.746645793,22236263.564770695,-0.000377350969679798,-113126.97472899011,-8.611506265884007e-10,27904789.71575896,0.0,计算成功
2026-04-01 00:15:00,C19,24760969.32966385,12705311.197299069,-2354637.9220831175,-0.0009522383092271255,-285473.863324964,1.5535850218290346e-09,27929820.166067645,0.0,计算成功
2026-04-01 00:15:00,C20,12835566.356850537,18001350.283660173,-17053799.436448235,-0.0009278161673371822,-278152.28937815316,1.8065584863993834e-09,27921899.12872596,0.0,计算成功
2026-04-01 00:15:00,C21,8746543.618387772,-12836466.512882493,23195009.94530371,-0.0008612492229540477,-258196.021499984,-1.954117117389243e-09,27915683.48021326,0.0,计算成功
2026-04-01 00:15:00,C22,23608329.93608004,-222420.36581815034,14900313.69216164,0.00044908272682050407,134631.61451886143,-1.6529605408673381e-09,27918131.408007294,0.0,计算成功
2026-04-01 00:15:00,C23,-24414112.014021788,10179586.720047861,-8898278.584247975,-0.000469598688941577,-140782.1452313728,5.991609567604412e-10,27907923.83870688,0.0,计算成功
2026-04-01 00:15:00,C24,541942.9111510795,-18927457.236850664,-20505638.655707195,-0.00022088799115158682,-66220.55381001646,1.3559320906679193e-09,27910993.465840492,0.0,计算成功
2026-04-01 00:15:00,C25,-18197016.5875844,-4682464.549303891,-20651756.41442928,0.0008976373291895586,269104.90131029295,5.618305682182014e-10,27920457.194416255,0.0,计算成功
2026-04-01 00:15:00,C26,16063351.849233277,-20902452.50644466,-9126549.905928979,-0.0006219690410185369,-186461.62760685,2.001902867895134e-09,27896912.13381605,0.0,计算成功
2026-04-01 00:15:00,C27,-7984258.138196668,22332376.68512422,14678342.216440732,0.0006173117853969589,185065.4174965228,1.2393173810313304e-09,27891524.81752451,0.0,计算成功
2026-04-01 00:15:00,C28,-14993434.9205363,8147963.542260371,22079553.876044203,0.000504168564713502,151145.93326179284,-1.1071331996998414e-10,27905180.522037484,0.0,计算成功
2026-04-01 00:15:00,C29,15200789.990083873,15647172.097294847,-17413610.18730715,0.0005872908486080124,176065.36706510192,4.797702155313403e-10,27912933.036864538,0.0,计算成功
2026-04-01 00:15:00,C30,6153380.548030153,27091662.332450677,-2539603.2496890323,0.0004232866657522093,126898.14996447925,1.2715074162515028e-09,27897523.989957135,0.0,计算成功
2026-04-01 00:15:00,C31,7132264.097272726,-22692658.674254514,-14638877.061851665,0.0008371435015307232,250969.30802262228,-5.879214451085945e-10,27930676.155286163,0.0,计算成功
2026-04-01 00:15:00,C32,-8666600.97349276,12894564.765912479,-23167782.010587804,-0.0009290733693994266,-278529.1890745961,1.4562140154794195e-09,27894908.069864165,0.0,计算成功
2026-04-01 00:15:00,C33,-24773558.38955575,-12567802.062830785,2464315.193189189,-0.0009213971621639419,-276227.9200393527,-7.092055873561226e-11,27888199.894267198,0.0,计算成功
2026-04-01 00:15:00,C34,-5799474.9212049255,-27229366.834158774,2026892.0591265354,0.0009206835355961163,276013.9801764902,-1.519208561650923e-09,27913806.959464002,0.0,计算成功
2026-04-01 00:15:00,C35,15338292.588572307,-6643674.33504769,-22373886.43972123,-0.00033690835905266495,-101002.58508114498,1.2175718938474279e-09,27928344.43035185,0.0,计算成功
2026-04-01 00:15:00,C36,17743445.481560186,5519650.147494104,20836953.917626362,0.0002911129176653357,87273.45714244261,-1.2995363685128802e-09,27919080.283439048,0.0,计算成功
2026-04-01 00:15:00,C37,-17345209.084263604,20303511.997589946,8164030.247005324,-0.0009807508934524972,-294021.72103382024,-3.2519768140094226e-11,27923829.74248191,0.0,计算成功
2026-04-01 00:15:00,C38,-15682257.453309638,-14287360.675287042,18119667.073716,0.00013585205011773204,40727.420029134075,-1.4986163913504348e-09,27899537.78756795,0.0,计算成功
2026-04-01 00:15:00,C39,24433664.163908955,-9655647.443884764,9369337.940922167,-0.000785520394428854,-235493.08985495564,-2.7208321027233504e-10,27893009.258351646,0.0,计算成功
2026-04-01 00:15:00,C40,249171.3928062003,18428888.342023037,20956061.199197702,-0.0003656065809548551,-109606.095565432,-1.9927403072292885e-09,27907750.05066272,0.0,计算成功
2026-04-01 00:15:00,C41,-24182847.184714604,-625605.5228247028,-13822337.18036223,-0.0009391175443228563,-281540.356963473,-1.7057710181164493e-09,27861415.70984992,0.0,计算成功
2026-04-01 00:15:00,C42,-10350082.381568063,-18013034.712609738,18643063.199021168,-0.0008958327683716736,-268563.9075870887,-3.6102074443822154e-09,27913391.594459217,0.0,计算成功
2026-04-01 00:20:00,C01,-32329757.191219606,27073912.316969395,285791.532086279,-8.097025655952245e-07,-242.74272238869858,8.181516141284855e-10,42169794.93654167,0.0,计算成功
2026-04-01 00:20:00,C02,7321130.877914287,41482148.47494253,-1956064.6226581014,5.114395753568362e-07,153.32572741470216,8.127563066567461e-10,42168635.1241861,0.0,计算成功
2026-04-01 00:20:00,C03,-14739464.955486033,39463708.417101316,-1689335.1560543831,-6.859007853860835e-07,-205.62788239502444,1.1388451342658218e-09,42160288.92777509,0.0,计算成功
2026-04-01 00:20:00,C04,-39517939.61859124,14493731.868364021,-2098855.659717428,4.1535175678051666e-07,124.51932409984926,1.6928043555701674e-09,42144287.99079398,0.0,计算成功
2026-04-01 00:20:00,C06,-20106825.30443972,20252079.67296861,-30995428.578897,0.0002827167136610792,84756.33850613711,-6.186406127782894e-09,42132502.271916285,0.0,计算成功
2026-04-01 00:20:00,C07,-20002500.850180782,36939161.618222564,-1152747.6543843388,-2.1942221334978375e-05,-6578.112467993208,5.91636519541434e-09,42022976.19723451,0.0,计算成功
2026-04-01 00:20:00,C08,-5727898.07541167,30316995.836033862,28912777.057288777,-0.00022174891857209558,-66478.65335757038,9.224256227539231e-09,42283303.20645353,0.0,计算成功
2026-04-01 00:20:00,C09,-5355425.943642789,20973700.70800758,-35996000.6606826,-0.00040341918751115864,-120942.02982833315,-1.2007210607409957e-08,42003437.62111361,0.0,计算成功
2026-04-01 00:20:00,C10,-18041524.964306593,37438497.52842621,6047860.745821908,-0.0008119950683072487,-243429.99741170797,2.7256359083706557e-08,41996599.14593712,0.0,计算成功
2026-04-01 00:20:00,C11,11421297.574103642,22757830.35413444,-11405025.689355576,-0.0005948701441077152,-178337.58269286616,2.929333955228373e-10,27900528.519701008,0.0,计算成功
2026-04-01 00:20:00,C12,18613848.54171731,16658129.815072708,-12450769.632240988,0.0006599632963559405,197852.01880432985,7.175474966142623e-10,27910397.89943777,0.0,计算成功
2026-04-01 00:20:00,C13,-16507776.106589628,-4924445.193835814,21942798.488103144,-0.0009303533284276448,-278912.9111378049,-6.817794073170947e-10,27897011.272569787,0.0,计算成功
2026-04-01 00:20:00,C14,-89843.43027319014,-16552298.444126546,22465827.013104614,-0.00037734857399319635,-113126.2565202152,-8.651444793053015e-10,27905197.347593483,0.0,计算成功
2026-04-01 00:20:00,C19,24667068.360026967,12677440.086312514,-3293953.543338904,-0.0009522373159969303,-285473.56556204247,1.6323467160651706e-09,27929050.799587905,0.0,计算成功
2026-04-01 00:20:00,C20,12286833.347296946,17772502.38941525,-17684854.363546543,-0.0009278145811802865,-278151.81386027863,1.8584759798420973e-09,27920999.064250372,0.0,计算成功
2026-04-01 00:20:00,C21,9472627.43901958,-12520911.961953575,23083192.104083702,-0.0008612485215663523,-258195.81122924277,-1.919396143719946e-09,27916619.86472379,0.0,计算成功
2026-04-01 00:20:00,C22,24061086.281604845,-15698.805477300659,14160889.097034585,0.0004490831729098226,134631.74825307474,-1.6108147675779497e-09,27918934.426690415,0.0,计算成功
2026-04-01 00:20:00,C23,-24189698.642905634,9946142.344278969,-9734900.058672192,-0.00046959782617194405,-140781.88657954385,6.034173292502833e-10,27907625.25045056,0.0,计算成功
2026-04-01 00:20:00,C24,1110001.8401862867,-19330855.585576747,-20101571.782438844,-0.00022089795757926413,-66223.54166986732,1.3703205868996125e-09,27910343.421036262,0.0,计算成功
2026-04-01 00:20:00,C25,-17652148.01805657,-5144330.427140239,-21011265.735056728,0.0008976345357018862,269104.0638437572,6.090039355294509e-10,27920167.49563205,0.0,计算成功
2026-04-01 00:20:00,C26,16327093.234359821,-21049901.322787542,-8277207.294614587,-0.0006219707612042469,-186462.14330555222,1.9670357092645057e-09,27895958.126233842,0.0,计算成功
2026-04-01 00:20:00,C27,-8087683.3120507505,21824643.912599485,15368057.823376177,0.0006173131820819727,185065.83621215617,1.1872945745324737e-09,27890910.787036404,0.0,计算成功
2026-04-01 00:20:00,C28,-15100905.337894533,7394570.55147,22270712.788927827,0.0005041698068973319,151146.30565913647,-1.1286745611618884e-10,27905226.460138835,0.0,计算成功
2026-04-01 00:20:00,C29,15265586.493064504,16231339.895786341,-16811474.400483914,0.000587292408202898,176065.83461988615,5.01661803119381e-10,27912724.648588225,0.0,计算成功
2026-04-01 00:20:00,C30,6113223.837632851,27170408.179052293,-1623429.8940660104,0.00042328898426879116,126898.84503826423,1.23910453898172e-09,27896919.38057429,0.0,计算成功
2026-04-01 00:20:00,C31,7260429.074507372,-22194321.968118444,-15324296.326179858,0.0008371408713397582,250968.51951120785,-5.050826094412402e-10,27930911.475693494,0.0,计算成功
2026-04-01 00:20:00,C32,-9395475.7701806,12584032.643183302,-23053292.87620768,-0.0009290723229312057,-278528.87535131595,1.4171505718351398e-09,27894213.646363318,0.0,计算成功
2026-04-01 00:20:00,C33,-24675216.310419377,-12542016.181509271,3403809.2795591103,-0.0009213966953876796,-276227.7801033497,-1.3305454533380272e-10,27888248.1965942,0.0,计算成功
2026-04-01 00:20:00,C34,-5755623.985891077,-27292123.979474008,1110904.318305642,0.0009206859430855842,276014.70192367537,-1.4924813478120072e-09,27914536.48517874,0.0,计算成功
2026-04-01 00:20:00,C35,15473228.294949763,-5887298.925098911,-22491713.982157588,-0.00033691290460387155,-101003.94780311416,1.2939235476606527e-09,27927733.17611524,0.0,计算成功
2026-04-01 00:20:00,C36,17183420.3357033,5972259.382613673,21179503.32856787,0.00029111207172269565,87273.20353521922,-1.2552577784899184e-09,27919691.57801526,0.0,计算成功
2026-04-01 00:20:00,C37,-17585521.395195957,20425314.28915783,7300459.205646372,-0.0009807481097497735,-294020.8865007384,2.5896292496305654e-11,27923838.04503021,0.0,计算成功
2026-04-01 00:20:00,C38,-15752667.7491159,-14897672.946256656,17559591.37117192,0.00013585225004847788,40727.4799668638,-1.5209078861273689e-09,27900294.79324903,0.0,计算成功
2026-04-01 00:20:00,C39,24192311.74893422,-9417441.250000564,10201539.992869979,-0.0007855267842959753,-235495.00548892625,-3.184912402320092e-10,27893145.496357318,0.0,计算成功
2026-04-01 00:20:00,C40,-332171.4059116207,18841917.942173623,20585633.163596947,-0.0003656078218836311,-109606.46758651995,-1.9864001284284156e-09,27908717.31786848,0.0,计算成功
2026-04-01 00:20:00,C41,-24603518.977711227,-819376.4394750651,-13050015.059033234,-0.0009391178113710992,-281540.43702252215,-1.8574448843125663e-09,27862293.819374554,0.0,计算成功
2026-04-01 00:20:00,C42,-9751865.011925329,-17768047.03598312,19195082.352035686,-0.0008958324355755437,-268563.8078173189,-3.582500601669569e-09,27915113.34716651,0.0,计算成功
2026-04-01 00:25:00,C01,-32329369.44172084,27073863.71420764,292181.60077847214,-8.096881067592548e-07,-242.73838773872342,8.259491119504045e-10,42169510.25329315,0.0,计算成功
2026-04-01 00:25:00,C02,7320255.907730851,41481525.762323976,-1966649.0957670687,5.114170218416676e-07,153.31896604095323,8.17913958182731e-10,42168362.96076595,0.0,计算成功
2026-04-01 00:25:00,C03,-14740168.293896351,39462906.929566965,-1692077.8743917402,-6.858949215503343e-07,-205.6261244612919,1.1308533866676364e-09,42159894.594235614,0.0,计算成功
2026-04-01 00:25:00,C04,-39518632.03704331,14491877.563998887,-2087760.0387198767,4.1524106609116383e-07,124.48613986601046,1.663381991619887e-09,42143748.47339088,0.0,计算成功
2026-04-01 00:25:00,C06,-20468649.509097315,20510359.772461783,-30588775.326091226,0.00028271725874784074,84756.50191903718,-6.2413727065597225e-09,42134471.00263839,0.0,计算成功
2026-04-01 00:25:00,C07,-19644370.706812084,37097380.25550886,-1912105.7331237355,-2.1942637125195725e-05,-6578.23711876448,5.706543553593816e-09,42021102.68214198,0.0,计算成功
2026-04-01 00:25:00,C08,-5713998.798345467,29925253.379712686,29316444.06494395,-0.00022174971205442043,-66478.89123758693,9.390539503004246e-09,42280308.238238834,0.0,计算成功
2026-04-01 00:25:00,C09,-5811782.663873922,21085410.438938092,-35864244.21521275,-0.00040342517481454853,-120943.82477673319,-1.2249243071634072e-08,42007325.12597066,0.0,计算成功
2026-04-01 00:25:00,C10,-17741901.04936825,37684900.53080769,5296714.694800873,-0.000811993559746528,-243429.54515658147,2.699486903179062e-08,41987878.81544582,0.0,计算成功
2026-04-01 00:25:00,C11,11436213.963999249,23137441.285373636,-10597400.947755262,-0.000594876625918785,-178339.52589093908,2.723538754171435e-10,27900413.722953428,0.0,计算成功
2026-04-01 00:25:00,C12,18195535.266939726,16519588.61053091,-13228598.739864392,0.0006599618622364608,197851.58886612594,7.305371160279909e-10,27910036.47672234,0.0,计算成功
2026-04-01 00:25:00,C13,-16607467.196497474,-5667076.680669559,21687306.595881376,-0.0009303525402573587,-278912.6748502975,-7.118878993743747e-10,27897365.32669507,0.0,计算成功
2026-04-01 00:25:00,C14,632292.0586986681,-16276494.312190035,22658306.856066924,-0.00037734617687845316,-113125.53788329424,-8.677101904930017e-10,27905607.499675356,0.0,计算成功
2026-04-01 00:25:00,C19,24542909.353990227,12639528.400413897,-4227844.524936004,-0.0009522363254545306,-285473.2686049017,1.7084206148756736e-09,27928242.82102406,0.0,计算成功
2026-04-01 00:25:00,C20,11713799.315826882,17547413.777095392,-18286763.97844074,-0.0009278129980861176,-278151.3392605865,1.9073307466267998e-09,27920074.524958942,0.0,计算成功
2026-04-01 00:25:00,C21,10201060.699385654,-12222531.804009028,22933318.813666597,-0.0008612478170141169,-258195.60000979633,-1.8815106302301805e-09,27917539.91493228,0.0,计算成功
2026-04-01 00:25:00,C22,24494315.18492321,171655.70940112602,13398119.994116953,0.00044908362165431523,134631.88278328918,-1.5660138202553222e-09,27919716.356683966,0.0,计算成功
2026-04-01 00:25:00,C23,-23947628.277091395,9690834.166932724,-10555452.869045297,-0.0004695969643981706,-140781.62822626607,6.066778421619992e-10,27907324.347191986,0.0,计算成功
2026-04-01 00:25:00,C24,1659068.9748014975,-19736054.524881627,-19664340.568744346,-0.00022090792626777993,-66226.53020750052,1.3824482446311046e-09,27909687.35181056,0.0,计算成功
2026-04-01 00:25:00,C25,-17107236.508390352,-5624024.0855410835,-21336146.952931963,0.0008976317412105058,269103.2260763174,6.551735948838056e-10,27919855.921294756,0.0,计算成功
2026-04-01 00:25:00,C26,16565513.073777286,-21183621.91942857,-7414185.1927384,-0.0006219724846403599,-186462.65997870074,1.9289181476230384e-09,27895021.11659,0.0,计算成功
2026-04-01 00:25:00,C27,-8204280.71723022,21296083.901613593,16032363.408734461,0.0006173145768039992,185066.2543393007,1.133308780538488e-09,27890322.481129706,0.0,计算成功
2026-04-01 00:25:00,C28,-15223723.989663243,6637549.167185045,22425110.359819822,0.0005041710492674755,151146.6781123356,-1.1483527859470722e-10,27905275.589220494,0.0,计算成功
2026-04-01 00:25:00,C29,15337589.427139616,16793507.938070178,-16181607.679108925,0.000587293966970311,176066.30192660037,5.227259180587412e-10,27912505.89578313,0.0,计算成功
2026-04-01 00:25:00,C30,6068678.527721903,27219108.499153804,-704573.6493118883,0.0004232913007379663,126899.53949825212,1.2046542549961511e-09,27896328.622039933,0.0,计算成功
2026-04-01 00:25:00,C31,7402360.638357617,-21675976.612514444,-15984486.556602124,0.0008371382419802831,250967.73124906787,-4.2141228362494157e-10,27931106.594705004,0.0,计算成功
2026-04-01 00:25:00,C32,-10126533.243089069,12290669.571786495,-22900705.97667704,-0.0009290712788050947,-278528.56233018264,1.3757450181915006e-09,27893539.902214598,0.0,计算成功
2026-04-01 00:25:00,C33,-24546525.07675637,-12506453.550596653,4337673.188975612,-0.0009213962283913692,-276227.64010137797,-1.9496848380187631e-10,27888325.199829027,0.0,计算成功
2026-04-01 00:25:00,C34,-5707124.988766918,-27324945.30014897,193084.1146692514,0.0009206883530364585,276015.4244087717,-1.4632927275164245e-09,27915250.18281009,0.0,计算成功
2026-04-01 00:25:00,C35,15623202.881777758,-5130280.459264113,-22572505.205898013,-0.00033691745228583964,-101005.31116386958,1.3681444400396136e-09,27927087.874430962,0.0,计算成功
2026-04-01 00:25:00,C36,16623487.198728696,6442387.949090488,21487145.670452196,0.0002911112278489737,87272.95054824189,-1.2089102703564955e-09,27920281.484901182,0.0,计算成功
2026-04-01 00:25:00,C37,-17800247.861435182,20533191.396466296,6424858.921868002,-0.000980745326089714,-294020.05198044685,8.42696890607248e-11,27923817.52229362,0.0,计算成功
2026-04-01 00:25:00,C38,-15830851.68554598,-15487256.645540973,16970512.401213657,0.0001358524524912459,40727.54065767883,-1.5406873587264043e-09,27901062.249569524,0.0,计算成功
2026-04-01 00:25:00,C39,23933448.84012702,-9157228.755104205,11016876.980188068,-0.0007855331736366528,-235496.92096507296,-3.643728263851608e-10,27893303.681222174,0.0,计算成功
2026-04-01 00:25:00,C40,-894986.6055823546,19257907.248722725,20181236.60823044,-0.00036560905953456334,-109606.83862493509,-1.97678210589457e-09,27909681.181660954,0.0,计算成功
2026-04-01 00:25:00,C41,-25003223.381957177,-994230.5647754744,-12256047.93796682,-0.0009391180753389272,-281540.5161580862,-2.006038335645868e-09,27863244.33661171,0.0,计算成功
2026-04-01 00:25:00,C42,-9131641.182652842,-17528921.489831034,19715448.295478903,-0.000895832096871833,-268563.70627650095,-3.548886178051237e-09,27916820.39160412,0.0,计算成功
2026-04-01 00:30:00,C01,-32328990.058661122,27073802.85686014,298432.1404660633,-8.096740430404317e-07,-242.7341715418888,8.333514926258101e-10,42169224.09871447,0.0,计算成功
2026-04-01 00:30:00,C02,7319355.310697326,41480946.789158225,-1976292.50032219,5.113940769684639e-07,153.312087341017,8.226802516737198e-10,42168087.94261413,0.0,计算成功
2026-04-01 00:30:00,C03,-14740904.284560543,39462130.38174194,-1694010.292217113,-6.858895991209809e-07,-205.6245288371135,1.1223202326737371e-09,42159502.65672394,0.0,计算成功
2026-04-01 00:30:00,C04,-39519377.58174137,14490044.591283727,-2075663.4603925734,4.151295781705389e-07,124.45271662824901,1.633162396397439e-09,42143219.80469032,0.0,计算成功
2026-04-01 00:30:00,C06,-20818811.199949156,20784197.811182074,-30167452.013169046,0.000282717806827867,84756.66622929543,-6.293346020670378e-09,42136456.17989642,0.0,计算成功
2026-04-01 00:30:00,C07,-19279570.975228142,37239598.58254939,-2670539.0800639987,-2.1943055674347917e-05,-6578.362596643609,5.493962976929539e-09,42019297.216355525,0.0,计算成功
2026-04-01 00:30:00,C08,-5717267.635052506,29533396.758175254,29706196.404204022,-0.0002217505099939019,-66479.13045382542,9.55236562186266e-09,42277260.76854743,0.0,计算成功
2026-04-01 00:30:00,C09,-6262788.16768337,21216860.481849805,-35715131.75845024,-0.00040343115618982105,-120945.61794792837,-1.2485347418452603e-08,42011288.01718671,0.0,计算成功
2026-04-01 00:30:00,C10,-17431684.500316776,37917731.46858694,4543001.701404955,-0.0008119920642679801,-243429.09682339174,2.672029680700995e-08,41979243.06965789,0.0,计算成功
2026-04-01 00:30:00,C11,11453714.467092618,23489195.495965943,-9772270.744796833,-0.0005948831081796979,-178341.46922387154,2.5132451245452756e-10,27900307.447248776,0.0,计算成功
2026-04-01 00:30:00,C12,17749833.060230486,16380598.196020626,-13984599.342153044,0.000659960426911637,197851.158566569,7.423213915767789e-10,27909668.390829597,0.0,计算成功
2026-04-01 00:30:00,C13,-16719919.68693256,-6398415.876175842,21395985.573184073,-0.0009303517509109367,-278912.4382101934,-7.408202553942363e-10,27897735.368840873,0.0,计算成功
2026-04-01 00:30:00,C14,1365476.2938879663,-16013455.771062559,22813387.19152322,-0.0003773437783313975,-113124.8188169768,-8.688435892206261e-10,27906019.536854453,0.0,计算成功
2026-04-01 00:30:00,C19,24388224.663131434,12592948.636128893,-5154772.272706774,-0.0009522353377254319,-285472.97249116737,1.7816812126616135e-09,27927397.56502599,0.0,计算成功
2026-04-01 00:30:00,C20,11117325.767399982,17327389.71079809,-18858533.66604694,-0.0009278114181354937,-278150.86560330546,1.9530419682467133e-09,27919127.107447196,0.0,计算成功
2026-04-01 00:30:00,C21,10930231.999039333,-11941744.643833399,22745640.74437287,-0.00086124710936011,-258195.3878604622,-1.840523345179886e-09,27918442.104877956,0.0,计算成功
2026-04-01 00:30:00,C22,24906679.76980848,340307.75139941927,12613265.417379111,0.0004490840729799219,134632.01808730216,-1.518631758844039e-09,27920475.83782736,0.0,计算成功
2026-04-01 00:30:00,C23,-23689150.22144092,9413215.733963082,-11358582.204801096,-0.0004695961036256693,-140781.3701731621,6.089370830079313e-10,27907021.667876862,0.0,计算成功
2026-04-01 00:30:00,C24,2188451.1679678094,-20141730.61814341,-19194663.78979694,-0.00022091789723730613,-66229.51942896341,1.392294891976846e-09,27909026.296375465,0.0,计算成功
2026-04-01 00:30:00,C25,-16563685.808793455,-6120955.439390065,-21625863.73640178,0.0008976289456392892,269102.3879851509,7.002634180176156e-10,27919523.01542493,0.0,计算成功
2026-04-01 00:30:00,C26,16778956.81597774,-21302353.020972334,-6538908.594266559,-0.0006219742112642116,-186463.17760750928,1.8876128472471627e-09,27894102.632397912,0.0,计算成功
2026-04-01 00:30:00,C27,-8334797.548001799,20747908.592460394,16670159.209252253,0.0006173159696521813,185066.6719046808,1.0774491422844544e-09,27889761.009895485,0.0,计算成功
2026-04-01 00:30:00,C28,-15361871.816370942,5878458.028519345,22542492.061126217,0.0005041722918271798,151147.05062236355,-1.1661354018288485e-10,27905327.857267935,0.0,计算成功
2026-04-01 00:30:00,C29,15415730.061606549,17332725.007823084,-15525048.072169144,0.0005872955248754839,176066.76897482146,5.429277929520848e-10,27912276.99726947,0.0,计算成功
2026-04-01 00:30:00,C30,6018484.950100721,27237922.823119707,215447.08320398512,0.0004232936152165315,126900.23336147018,1.168213361096066e-09,27895752.692094106,0.0,计算成功
2026-04-01 00:30:00,C31,7558742.241089074,-21138846.466107275,-16618361.695521826,0.0008371356133145397,250966.94319490338,-3.370482262405199e-10,27931261.332565475,0.0,计算成功
2026-04-01 00:30:00,C32,-10858153.720726855,12014878.50995236,-22710270.587342817,-0.0009290702369528283,-278528.24999073084,1.3320656200960622e-09,27892887.946252137,0.0,计算成功
2026-04-01 00:30:00,C33,-24387238.727063045,-12462489.672750788,5264362.281477981,-0.0009213957610726189,-276227.5000027411,-2.565599824433323e-10,27888430.78778065,0.0,计算成功
2026-04-01 00:30:00,C34,-5652729.707445053,-27328026.506056402,-725054.6284361884,0.0009206907654004163,276016.1476172921,-1.4316910237953653e-09,27915946.877642713,0.0,计算成功
2026-04-01 00:30:00,C35,15788033.917037524,-4374156.773185236,-22616124.571860094,-0.0003369220022209474,-101006.67520009929,1.440112192694753e-09,27926409.599012606,0.0,计算成功
2026-04-01 00:30:00,C36,16065056.728567943,6929451.843977162,21759376.406356074,0.0002911103859676525,87272.69815857125,-1.1605703614750686e-09,27920849.05842926,0.0,计算成功
2026-04-01 00:30:00,C37,-17989773.60810823,20625905.707418144,5538672.091559123,-0.0009807425425684888,-294019.2175017769,1.425042511433782e-10,27923768.178025465,0.0,计算成功
2026-04-01 00:30:00,C38,-15915790.265517652,-16055104.04997138,16353405.14584643,0.00013585265747850274,40727.602111312415,-1.5579223424898792e-09,27901838.75115671,0.0,计算成功
2026-04-01 00:30:00,C39,23658352.972402584,-8874577.720850773,11814001.49926429,-0.0007855395623750581,-235498.836260663,-4.0965214035535627e-10,27893483.58514637,0.0,计算成功
2026-04-01 00:30:00,C40,-1438514.1853386685,19675544.538463388,19743541.991408348,-0.00036561029392385844,-109607.20868553598,-1.963902446214054e-09,27910640.019766327,0.0,计算成功
2026-04-01 00:30:00,C41,-25380680.898039583,-1150907.22031226,-11441754.548166372,-0.0009391183359802454,-281540.59429638763,-2.1513052771294853e-09,27864265.599838875,0.0,计算成功
2026-04-01 00:30:00,C42,-8490423.110803844,-17296884.434787273,20203309.243108276,-0.0008958317523170542,-268563.60298157687,-3.5094206864909493e-09,27918509.991106663,0.0,计算成功
2026-04-01 00:35:00,C01,-32328619.26078792,27073729.874244153,304540.1597724741,-8.096603779874239e-07,-242.7300748620589,8.403552074857723e-10,42168936.63968114,0.0,计算成功
2026-04-01 00:35:00,C02,7318430.9281775085,41480412.26135098,-1984990.1984696887,5.113707384492901e-07,153.30509062898778,8.270528991945439e-10,42167810.219528385,0.0,计算成功
2026-04-01 00:35:00,C03,-14741671.630710054,39461379.66667584,-1695131.4578594775,-6.85884814026471e-07,-205.6230943018686,1.1132497438363087e-09,42159113.34841666,0.0,计算成功
2026-04-01 00:35:00,C04,-39520174.55399053,14488234.99940573,-2062571.6848445232,4.15017307473013e-07,124.41905871987633,1.6021600242740621e-09,42142702.24049483,0.0,计算成功
2026-04-01 00:35:00,C06,-21156642.078597434,21073069.947212886,-29731662.702674042,0.00028271835792565266,84756.8314442552,-6.342301575365862e-09,42138456.87857572,0.0,计算成功
2026-04-01 00:35:00,C07,-18908808.535154406,37365537.20672286,-3427680.809339287,-2.1943476879999617e-05,-6578.488870921256,5.278725900759776e-09,42017560.694272,0.0,计算成功
2026-04-01 00:35:00,C08,-5737692.689996893,29142172.452743813,30081846.071608953,-0.0002217513124683213,-66479.3710296041,9.709656802785794e-09,42274162.27137185,0.0,计算成功
2026-04-01 00:35:00,C09,-6707582.576324133,21367800.058797218,-35548740.31741638,-0.0004034371315244237,-120947.40930817627,-1.271541109546865e-08,42015324.365355626,0.0,计算成功
2026-04-01 00:35:00,C10,-17111476.02414934,38136527.19735333,3787085.707344857,-0.0008119905817465243,-243428.65237464046,2.6432767490219403e-08,41970696.16475624,0.0,计算成功
2026-04-01 00:35:00,C11,11472548.21199267,23812593.766831085,-8930997.744203568,-0.0005948895908557252,-178343.41268125217,2.2988003487676515e-10,27900209.767806195,0.0,计算成功
2026-04-01 00:35:00,C12,17277273.089466367,16242507.547247875,-14717523.29826347,0.0006599589903619794,197850.7278998161,7.528808330756286e-10,27909294.309697814,0.0,计算成功
2026-04-01 00:35:00,C13,-16844477.686476972,-7117060.791818626,21069317.86633711,-0.0009303509603406245,-278912.20120317634,-7.685287213522883e-10,27898120.69293225,0.0,计算成功
2026-04-01 00:35:00,C14,2108274.809804261,-15763944.49374163,22930813.850311365,-0.0003773413783502232,-113124.0993207214,-8.685428692553617e-10,27906432.81598445,0.0,计算成功
2026-04-01 00:35:00,C19,24202842.710355375,12539092.976720545,-6073209.380423814,-0.0009522343529305397,-285472.677257086,1.8520076038774715e-09,27926516.43366055,0.0,计算成功
2026-04-01 00:35:00,C20,10498357.864872392,17113689.98988247,-19399218.234439198,-0.0009278098414040758,-278150.39291111805,1.9955339840283257e-09,27918158.44636121,0.0,计算成功
2026-04-01 00:35:00,C21,11658512.936904443,-11678877.47181758,22520470.72717966,-0.0008612463986721942,-258195.17480158503,-1.7965021511926129e-09,27919324.932301864,0.0,计算成功
2026-04-01 00:35:00,C22,25296898.396879148,491001.1063526189,11807620.57817033,0.0004490845268083471,134632.15414164128,-1.468746878969048e-09,27921211.54797008,0.0,计算成功
2026-04-01 00:35:00,C23,-23415550.793218046,9112922.244786035,-12142961.959788997,-0.00046959524385820046,-140781.1124213593,6.101912913861618e-10,27906717.75659354,0.0,计算成功
2026-04-01 00:35:00,C24,2697536.7379477844,-20546531.180769917,-18693313.84255615,-0.00022092787050425488,-66232.50933917626,1.3998441167506304e-09,27908361.29963975,0.0,计算成功
2026-04-01 00:35:00,C25,-16022870.447526421,-6634453.384080084,-21879937.57570096,0.0008976261489138803,269101.54954796616,7.441990487546925e-10,27919169.353695285,0.0,计算成功
2026-04-01 00:35:00,C26,16967853.667751886,-21404867.954306073,-5652823.087635925,-0.0006219759410078501,-186463.69617160637,1.8431877601517095e-09,27893204.173985284,0.0,计算成功
2026-04-01 00:35:00,C27,-8479910.43689496,20181384.31732024,17280389.26323207,0.0006173173607187766,185067.0889359547,1.019807917298694e-09,27889227.437667854,0.0,计算成功
2026-04-01 00:35:00,C28,-15515243.581722675,5118855.452809932,22622664.448958557,0.0005041735345793794,151147.42319010015,-1.1819930662527734e-10,27905383.196027286,0.0,计算成功
2026-04-01 00:35:00,C29,15498892.447900608,17848114.47143497,-14842877.705933038,0.0005872970818850689,176067.2357545521,5.622340799039862e-10,27912038.189468015,0.0,计算成功
2026-04-01 00:35:00,C30,5961399.0534904525,27227100.658583604,1135111.7818599727,0.0004232959277645839,126900.92664593506,1.1298419544093428e-09,27895192.55543718,0.0,计算成功
2026-04-01 00:35:00,C31,7730185.7702849815,-20584205.458769444,-17224878.957376495,0.0008371329852036363,250966.15530707577,-2.521293288371126e-10,27931375.57493762,0.0,计算成功
2026-04-01 00:35:00,C32,-11588701.085603626,11756970.647931369,-22482298.63298778,-0.0009290691973023675,-278527.93831136375,1.2861844163796143e-09,27892258.84525372,0.0,计算成功
2026-04-01 00:35:00,C33,-24197208.01839685,-12411518.655223008,6182343.857185593,-0.0009213952933295734,-276227.3597769038,-3.177271859175295e-10,27888564.80321277,0.0,计算成功
2026-04-01 00:35:00,C34,-5591207.313702208,-27301652.331120163,-1641997.691054595,0.0009206931801251664,276016.8715335604,-1.3977285276092205e-09,27916625.434525296,0.0,计算成功
2026-04-01 00:35:00,C35,15967454.400906237,-3620454.9588086284,-22622497.57508838,-0.0003369265545278882,-101008.03994738664,1.5097081123223586e-09,27925699.46641734,0.0,计算成功
2026-04-01 00:35:00,C36,15509510.288791057,7432786.246743525,21995749.3141397,0.0002911095459989457,87272.446342288,-1.1103178381958017e-09,27921393.38712115,0.0,计算成功
2026-04-01 00:35:00,C37,-18154566.512386132,20702255.920409855,4643358.858913514,-0.000980739759282041,-294018.38309349143,2.00504035806167e-10,27923690.066670045,0.0,计算成功
2026-04-01 00:35:00,C38,-16006414.072727157,-16600278.787672464,15709290.75862118,0.00013585286503850548,40727.66433623582,-1.572584580361269e-09,27902622.877338022,0.0,计算成功
2026-04-01 00:35:00,C39,23368337.93032047,-8569138.978912465,12591596.38004333,-0.0007855459504363627,-235500.75135326333,-4.542543535390658e-10,27893684.945942365,0.0,计算成功
2026-04-01 00:35:00,C40,-1962075.0164898112,20093484.765174694,19273274.5446512,-0.00036561152507309883,-109607.57777479292,-1.9477827318198367e-09,27911592.21635593,0.0,计算成功
2026-04-01 00:35:00,C41,-25734672.74961199,-1290221.902788546,-10608487.240227541,-0.0009391185930545512,-281540.67136532563,-2.293005206209204e-09,27865355.83146441,0.0,计算成功
2026-04-01 00:35:00,C42,-7829299.615719715,-17073107.74971411,20657867.24467776,-0.0008958314019773336,-268563.4979523709,-3.4641702530565247e-09,27920179.437188208,0.0,计算成功
2026-04-01 00:40:00,C01,-32328257.2586253,27073644.90392762,310502.7352900121,-8.096471149583795e-07,-242.72609870598117,8.469568983824066e-10,42168648.04226533,0.0,计算成功
2026-04-01 00:40:00,C02,7317484.630485148,41479922.80054111,-1992738.0045408783,5.113470041844445e-07,153.2979752753909,8.310298010435638e-10,42167529.94438942,0.0,计算成功
2026-04-01 00:40:00,C03,-14742468.998018468,39460655.62385096,-1695440.8082276117,-6.858805619376697e-07,-205.62181955771524,1.1036462492902946e-09,42158726.901507586,0.0,计算成功
2026-04-01 00:40:00,C04,-39521021.18096706,14486450.766813427,-2048490.950544229,4.149042688297781e-07,124.38517058717196,1.5703897064417264e-09,42142196.02939811,0.0,计算成功
2026-04-01 00:40:00,C06,-21481497.464421254,21376423.64534519,-29281618.35159927,0.0002827189120642351,84756.9975708229,-6.388216333261858e-09,42140472.1671213,0.0,计算成功
2026-04-01 00:40:00,C07,-18532801.92729074,37474948.078658916,-4183164.573762566,-2.1943900638392014e-05,-6578.615910491311,5.060936083890246e-09,42015893.976274684,0.0,计算成功
2026-04-01 00:40:00,C08,-5775229.480931118,28752325.7417356,30443211.62771785,-0.0002217521195533565,-66479.61298761061,9.86233736792432e-09,42271014.24529938,0.0,计算成功
2026-04-01 00:40:00,C09,-7145317.973087458,21537941.015243478,-35365155.32188577,-0.00040344310070882276,-120949.19882463952,-1.2939324568830328e-08,42019432.207655296,0.0,计算成功
2026-04-01 00:40:00,C10,-16781896.310013503,38340851.36118727,3029332.1858879076,-0.000811989112050554,-243428.211770873,2.613241268791203e-08,41962242.317983404,0.0,计算成功
2026-04-01 00:40:00,C11,11491442.881327055,24107225.39425623,-8074971.354604376,-0.000594896073911452,-178345.35625246385,2.0805585794633141e-10,27900120.7538956,0.0,计算成功
2026-04-01 00:40:00,C12,16778476.476337016,16106639.377422776,-15426160.467972843,0.0006599575525700163,197850.2968606294,7.621979691894536e-10,27908914.914145064,0.0,计算成功
2026-04-01 00:40:00,C13,-16980410.77685565,-7821654.758162431,20707844.313612066,-0.0009303501685006957,-278911.96381553775,-7.949675705767823e-10,27898520.559761517,0.0,计算成功
2026-04-01 00:40:00,C14,2859210.3989328137,-15528642.532862188,23010394.802752484,-0.00037733897693549123,-113123.37939469623,-8.668085916178165e-10,27906846.68674196,0.0,计算成功
2026-04-01 00:40:00,C19,23986688.944146242,12479367.447024409,-6981642.135846086,-0.0009522333711859601,-285472.3829374654,1.91928368246712e-09,27925600.894056004,0.0,计算成功
2026-04-01 00:40:00,C20,9857921.243132455,16907523.88739883,-19907923.481977202,-0.0009278082679622402,-278149.92120512266,2.034736417392833e-09,27917170.211234223,0.0,计算成功
2026-04-01 00:40:00,C21,12384264.034055982,-11434164.676562065,22258183.21875595,-0.0008612456850232131,-258194.96085500286,-1.7495198918706436e-09,27920186.92121636,0.0,计算成功
2026-04-01 00:40:00,C22,25663749.540147968,624555.3713502586,10982514.729534578,0.0004490849830571892,134632.2909216031,-1.4164415821337115e-09,27921922.205603458,0.0,计算成功
2026-04-01 00:40:00,C23,-23128148.200090796,8789672.489378396,-12907296.924524711,-0.00046959438509786597,-140780.8549714878,6.104383653943637e-10,27906413.161381803,0.0,计算成功
2026-04-01 00:40:00,C24,3185797.3571653534,-20949079.475088924,-18161115.491947163,-0.00022093784608125057,-66235.49994192377,1.4050832946081263e-09,27907693.41178803,0.0,计算成功
2026-04-01 00:40:00,C25,-15486130.633567499,-7163767.961109755,-22097948.572947614,0.0008976233509618171,269100.7107430398,7.869080252968597e-10,27918795.542307653,0.0,计算成功
2026-04-01 00:40:00,C26,17132714.48643777,-21489979.725272857,-4757392.462447992,-0.0006219776737981462,-186464.21564906844,1.7957160154203792e-09,27892327.21212395,0.0,计算成功
2026-04-01 00:40:00,C27,-8640222.380043209,19597827.15538247,17862043.1734599,0.0006173187500990044,185067.50546166828,9.604803247507873e-10,27888722.780353196,0.0,计算成功
2026-04-01 00:40:00,C28,-15683648.131956097,4360293.845454672,22665495.479609538,0.0005041747775266905,151147.79581632972,-1.1958996147050583e-10,27905441.520999454,0.0,计算成功
2026-04-01 00:40:00,C29,15585918.056905288,18338877.27350469,-14136221.009582175,0.0005872986379671926,176067.7022562368,5.806129055846062e-10,27911789.726941295,0.0,计算成功
2026-04-01 00:40:00,C30,5896197.780441977,27186980.410592496,2052900.329234755,0.00042329823844542216,126901.61937062322,1.0896033335400119e-09,27894649.162049003,0.0,计算成功
2026-04-01 00:40:00,C31,7917228.7430609865,-20013372.917001504,-17803040.525673706,0.0008371303575077753,250965.3675436747,-1.6679538902980053e-10,27931449.272168115,0.0,计算成功
2026-04-01 00:40:00,C32,-12316528.740121927,11517164.44772362,-22217164.190346267,-0.0009290681597780186,-278527.62726938893,1.2381771006384135e-09,27891653.62223909,0.0,计算成功
2026-04-01 00:40:00,C33,-23976381.27946833,-12354947.31755868,7090099.708690763,-0.0009213948250610832,-276227.21939354215,-3.783689446358255e-10,27888727.0479896,0.0,计算成功
2026-04-01 00:40:00,C34,-5521349.6800282,-27246195.30612631,-2556233.049264604,0.0009206955971545373,276017.59614073654,-1.3614614106960827e-09,27917284.75964093,0.0,计算成功
2026-04-01 00:40:00,C35,16161113.661166968,-2870685.9158677766,-22591610.88382194,-0.0003369311093214751,-101009.40544015174,1.5768173858595484e-09,27924958.634217188,0.0,计算成功
2026-04-01 00:40:00,C36,14958194.849984597,7951647.68650523,22195877.200681653,0.0002911087078599297,87272.19507453224,-1.0582356241760852e-09,27921913.59502692,0.0,计算成功
2026-04-01 00:40:00,C37,-18295174.959084313,20761082.022252716,3740394.421451681,-0.0009807369763259292,-294017.5487842381,2.5817348478828324e-10,27923583.293449957,0.0,计算成功
2026-04-01 00:40:00,C38,-16101607.718919344,-17121919.03769652,15039234.863718916,0.00013585307519525618,40727.727339644676,-1.584650070265829e-09,27903413.195404895,0.0,计算成功
2026-04-01 00:40:00,C39,23064748.51920992,-8240648.3042867035,13348376.86992099,-0.0007855523377468617,-235502.66622077787,-4.981057612311169e-10,27893907.46723702,0.0,计算成功
2026-04-01 00:40:00,C40,-2465072.9909444973,20510354.71595589,18771213.059727952,-0.00036561275300920503,-109607.94590077647,-1.9284498832347644e-09,27912536.164933477,0.0,计算成功
2026-04-01 00:40:00,C41,-26064045.571731996,-1413062.5594011229,-9757629.6971898,-0.0009391188463273362,-281540.7472945964,-2.430903614514081e-09,27866513.141575206,0.0,计算成功
2026-04-01 00:40:00,C42,-7149432.342962787,-16858704.191027105,21078379.452272564,-0.0008958310459282947,-268563.39121155435,-3.4132105013081905e-09,27921826.05348625,0.0,计算成功
2026-04-01 00:45:00,C01,-32327904.254301753,27073548.091476507,316317.01298354357,-8.096342571193059e-07,-242.7222440228007,8.531533993083526e-10,42168358.47160161,0.0,计算成功
2026-04-01 00:45:00,C02,7316518.313249773,41479478.943101324,-1999532.1870910046,5.113228722634772e-07,153.29074070748783,8.346090467709095e-10,42167247.27304971,0.0,计算成功
2026-04-01 00:45:00,C03,-14743295.017072186,39459959.0378654,-1694938.169126655,-6.858768382699085e-07,-205.62070323020436,1.0935143337041077e-09,42158343.54700862,0.0,计算成功
2026-04-01 00:45:00,C04,-39521915.619232774,14484693.798129003,-2033427.9713831882,4.147904774417617e-07,124.35105678725928,1.5378666438278888e-09,42141701.41266387,0.0,计算成功
2026-04-01 00:45:00,C06,-21792757.524785336,21693678.740720376,-28817536.705841225,0.00028271946926518407,84757.164615465,-6.431068724622477e-09,42142501.107933514,0.0,计算成功
2026-04-01 00:45:00,C07,-18152279.966372978,37567614.97839021,-4936624.747902533,-2.1944326844493916e-05,-6578.743683866214,4.840698557518902e-09,42014297.88826368,0.0,计算成功
2026-04-01 00:45:00,C08,-5829801.017241327,28364599.28211008,30790118.28707491,-0.00022175293132254485,-66479.8563498909,1.0010333779899371e-08,42267818.212765284,0.0,计算成功
2026-04-01 00:45:00,C09,-7575160.030754494,21726958.38823977,-35164470.552219145,-0.0004034490636365541,-120950.98646540097,-1.3156981374480609e-08,42023609.54884445,0.0,计算成功
2026-04-01 00:45:00,C10,-16443584.842265716,38530295.26442647,2270107.9602722633,-0.0008119876550419879,-243427.77497069366,2.581937048138354e-08,41953885.705378555,0.0,计算成功
2026-04-01 00:45:00,C11,11509110.108052872,24372769.499832027,-7205605.430437958,-0.0005949025573108343,-178347.29992670089,1.8588802536499058e-10,27900040.46933237,0.0,计算成功
2026-04-01 00:45:00,C12,16254152.305020848,15974284.694761839,-16109340.710507078,0.0006599561135203244,197849.86544438507,7.702573765483344e-10,27908530.896328412,0.0,计算成功
2026-04-01 00:45:00,C13,-17126916.959739387,-8510891.214334495,20312163.243390277,-0.0009303493753475262,-278911.72603419947,-8.200931791649185e-10,27898934.198893327,0.0,计算成功
2026-04-01 00:45:00,C14,3616768.3815872623,-15308149.768220758,23052000.46294143,-0.0003773365740901285,-113122.65903977874,-8.636436832293134e-10,27907260.49249153,0.0,计算成功
2026-04-01 00:45:00,C19,23739786.423444048,12415186.017821915,-7878573.006069947,-0.000952232392602808,-285472.08956561686,1.9833983336650286e-09,27924652.475900806,0.0,计算成功
2026-04-01 00:45:00,C20,9197118.511760855,16710045.292958602,-20383807.682285182,-0.0009278066978749619,-278149.4505047982,2.0705842935904825e-09,27916164.10326624,0.0,计算成功
2026-04-01 00:45:00,C21,13105840.703213897,-11207747.426037027,21959213.666714255,-0.0008612449684908698,-258194.74604401042,-1.6996542703653318e-09,27921026.624468304,0.0,计算成功
2026-04-01 00:45:00,C22,26006076.437689923,741862.2562708464,10139308.97584618,0.00044908544164007727,134632.4284012943,-1.3618022393071066e-09,27922606.572415926,0.0,计算成功
2026-04-01 00:45:00,C23,-22828287.3027592,8443270.46068069,-13650324.927490933,-0.00046959352734510555,-140780.59782367942,6.096778653086548e-10,27906108.433022335,0.0,计算成功
2026-04-01 00:45:00,C24,3652789.614902476,-21347980.010260634,-17598944.529991418,-0.00022094782397710775,-66238.49123984847,1.408003610965171e-09,27907023.686859585,0.0,计算成功
2026-04-01 00:45:00,C25,-14954767.300808247,-7708072.835670149,-22279536.137005962,0.0008976205517126515,269099.8715492519,8.283198994579138e-10,27918402.2168439,0.0,计算成功
2026-04-01 00:45:00,C26,17274129.35632059,-21556545.94981292,-3854096.2835019673,-0.0006219794095569132,-186464.7360164557,1.7452757998083486e-09,27891473.18568519,0.0,计算成功
2026-04-01 00:45:00,C27,-8816259.956611197,18998598.100162182,18414157.794335846,0.0006173201378908879,185067.92151120823,8.995643877720272e-10,27888248.002854746,0.0,计算成功
2026-04-01 00:45:00,C28,-15866808.999946607,3604314.1358197136,22670914.725022595,0.0005041760206714077,151148.16850174012,-1.2078321038309448e-10,27905502.731534917,0.0,计算成功
2026-04-01 00:45:00,C29,15675610.591035005,18804294.63556541,-13406242.870649751,0.000587300193091509,176068.1684707781,5.980339238836825e-10,27911531.88289332,0.0,计算成功
2026-04-01 00:45:00,C30,5821684.365126566,27117987.962580334,2967295.537114062,0.00042330054732544206,126902.3115554396,1.0475638943344043e-09,27894123.445456896,0.0,计算成功
2026-04-01 00:45:00,C31,8120331.794802032,-19427708.72153724,-18351895.176888417,0.0008371277300864813,250964.57986258678,-8.118688216547689e-11,27931482.438461214,0.0,计算成功
2026-04-01 00:45:00,C32,-13039985.620199073,11295585.053718887,-21915302.886985715,-0.0009290671243005582,-278527.3168410559,1.188122896548528e-09,27891073.25488068,0.0,计算成功
2026-04-01 00:45:00,C33,-23724804.888661582,-12294189.254924962,7986128.64853416,-0.0009213943561668725,-276227.0788225942,-4.383849829569126e-10,27888917.28324911,0.0,计算成功
2026-04-01 00:45:00,C34,-5441976.598127518,-27162114.198873576,-3466253.3627197235,0.0009206980164285699,276018.32142084534,-1.322949632120562e-09,27917923.802134406,0.0,计算成功
2026-04-01 00:45:00,C35,16368578.583332598,-2126338.9674470997,-22523512.379838854,-0.00033693566671245186,-101010.77171159472,1.641329269563097e-09,27924188.299178414,0.0,计算成功
2026-04-01 00:45:00,C36,14412418.034211613,8485216.520031836,22359432.51990786,0.0002911078714646801,87271.94432954451,-1.0044096436504828e-09,27922408.843024313,0.0,计算成功
2026-04-01 00:45:00,C37,-18412225.28821643,20801270.113353245,2831266.6100676516,-0.0009807341937951698,-294016.7146025023,3.15417581095484e-10,27923448.01434815,0.0,计算成功
2026-04-01 00:45:00,C38,-16200214.47826411,-17619240.442588005,14344345.782195507,0.00013585328796846362,40727.791127447534,-1.5940991034123949e-09,27904208.263892327,0.0,计算成功
2026-04-01 00:45:00,C39,22748955.224937167,-7888927.9570042575,14083092.762621885,-0.0007855587242340966,-235504.58084148398,-5.411339048532474e-10,27894150.818722054,0.0,计算成功
2026-04-01 00:45:00,C40,-2946996.823653955,20924758.28555187,18238188.58863829,-0.00036561397776438913,-109608.31307314357,-1.905936112569413e-09,27913470.271217335,0.0,计算成功
2026-04-01 00:45:00,C41,-26367715.84914946,-1520385.577115531,-8890594.595294988,-0.0009391190955704774,-281540.82201581035,-2.5647723790028663e-09,27867735.531658776,0.0,计算成功
2026-04-01 00:45:00,C42,-6452051.708855062,-16654722.99448067,21464159.29487206,-0.0008958306842549276,-268563.2827846066,-3.3566264213513236e-09,27923447.199661173,0.0,计算成功
2026-04-01 00:50:00,C01,-32327560.441391155,27073439.590193063,321980.2095610723,-8.096218074425416e-07,-242.71851170360225,8.589417379247839e-10,42168068.09175612,0.0,计算成功
2026-04-01 00:50:00,C02,7315533.893742209,41479081.13930152,-2005369.4707217393,5.11298340966118e-07,153.28338640955462,8.377889161064323e-10,42166962.36421771,0.0,计算成功
2026-04-01 00:50:00,C03,-14744148.285895355,39459290.63722423,-1693623.7553879977,-6.858736381851581e-07,-205.6197438689312,1.0828588351071867e-09,42157963.51455104,0.0,计算成功
2026-04-01 00:50:00,C04,-39522855.95837417,14482965.921211597,-2017389.933508067,4.146759488723603e-07,124.31672198592723,1.5046063998290682e-09,42141218.624111824,0.0,计算成功
2026-04-01 00:50:00,C06,-22089828.457284123,22024228.55512941,-28339642.19146472,0.0002827200295485922,84757.33258420508,-6.470838656917334e-09,42144542.75776479,0.0,计算成功
2026-04-01 00:50:00,C07,-17767980.333939005,37643353.939983,-5687696.610959202,-2.194475539205351e-05,-6578.872159192475,4.6181195734523435e-09,42012773.22120493,0.0,计算成功
2026-04-01 00:50:00,C08,-5901297.940002803,27979731.695511807,31122398.005334407,-0.00022175374784724717,-66480.10113783844,1.0153574677893348e-08,42264575.7192942,0.0,计算成功
2026-04-01 00:50:00,C09,-7996289.611865563,21934491.045446422,-34946788.08297961,-0.000403455020204273,-120952.77219947866,-1.3368278167691747e-08,42027854.362271264,0.0,计算成功
2026-04-01 00:50:00,C10,-16097198.67527323,38704478.69079244,1509781.0205297994,-0.0008119862105763245,-243427.34193078193,2.5493785372161625e-08,41945630.45952673,0.0,计算成功
2026-04-01 00:50:00,C11,11524250.94047706,24608995.996879745,-6324335.931661426,-0.0005949090410172598,-178349.24369298713,1.6341314964380923e-10,27899968.972922415,0.0,计算成功
2026-04-01 00:50:00,C12,15705095.292500485,15846697.491420772,-16765935.817674743,0.0006599546731995541,197849.43364708105,7.770457054993961e-10,27908142.958167445,0.0,计算成功
2026-04-01 00:50:00,C13,-17283125.892802984,-9183518.302857153,19882929.47728031,-0.0009303485808396668,-278911.4878467354,-8.438640978811579e-10,27899360.810668968,0.0,计算成功
2026-04-01 00:50:00,C14,4379402.02320519,-15102981.684780981,23055563.890409637,-0.0003773341698194226,-113121.93825755411,-8.590534316561658e-10,27907673.571196225,0.0,计算成功
2026-04-01 00:50:00,C19,23462256.030626606,12347964.682769878,-8762523.098142952,-0.000952231417287023,-285471.7971733003,2.0442456178451752e-09,27923672.768801305,0.0,计算成功
2026-04-01 00:50:00,C20,8517125.459504664,16522348.07906096,-20826082.984607756,-0.0009278051312017045,-278148.9808279715,2.103018148703194e-09,27915141.852055144,0.0,计算成功
2026-04-01 00:50:00,C21,13821599.241924644,-10999673.419430003,21624057.776210196,-0.0008612442491575977,-258194.53039332066,-1.6469877201108748e-09,27921842.626291044,0.0,计算成功
2026-04-01 00:50:00,C22,26322791.498436954,843881.603485045,9279394.03135495,0.00044908590246681374,134632.56655367435,-1.3049190481283496e-09,27923263.45576446,0.0,计算成功
2026-04-01 00:50:00,C23,-22517334.28271868,8073606.635815092,-14370818.92193112,-0.0004695926705986959,-140780.34097756736,6.07911014519993e-10,27905804.123811036,0.0,计算成功
2026-04-01 00:50:00,C24,4098156.2477462757,-21741823.926613137,-17007726.349932007,-0.00022095780419681562,-66241.48323444607,1.4086000766485167e-09,27906353.181327023,0.0,计算成功
2026-04-01 00:50:00,C25,-14430037.312936505,-8266468.076809554,-22424399.582083657,0.000897617751098065,269099.03194612113,8.683663526465369e-10,27917990.041093662,0.0,计算成功
2026-04-01 00:50:00,C26,17392764.858679548,-21603473.619992062,-2944427.436257183,-0.0006219811482010346,-186465.25724885045,1.6919502298052177e-09,27890643.4993242,0.0,计算成功
2026-04-01 00:50:00,C27,-9008470.85344522,18385098.05786691,18935818.840327084,0.0006173215241950915,185068.33711475297,8.371607710119727e-10,27887804.016602665,0.0,计算成功
2026-04-01 00:50:00,C28,-16064365.351740837,2852440.260731214,22638913.48692445,0.0005041772640154991,151148.54124692144,-1.2177708492321955e-10,27905566.71102921,0.0,计算成功
2026-04-01 00:50:00,C29,15766740.952265546,19243730.447586913,-12654146.72321741,0.0005873017472292491,176068.63438955127,6.144683660676492e-10,27911264.949621055,0.0,计算成功
2026-04-01 00:50:00,C30,5736693.53098684,27020634.923676066,3876785.6677507404,0.00042330285447402725,126903.00322118493,1.003793020434291e-09,27893616.32095642,0.0,计算成功
2026-04-01 00:50:00,C31,8339876.472230924,-18828608.3158025,-18870539.82871463,0.0008371251027988307,250963.79222156416,4.5552680819610685e-12,27931475.15096693,0.0,计算成功
2026-04-01 00:50:00,C32,-13757422.233229402,11092264.07661089,-21577211.197411895,-0.000929066090787363,-278527.0070015947,1.136104427216351e-09,27890518.674028713,0.0,计算成功
2026-04-01 00:50:00,C33,-23442623.375064507,-12230658.880607992,8868949.007421317,-0.0009213938865477066,-276226.9380343101,-4.976760658954837e-10,27889135.229604296,0.0,计算成功
2026-04-01 00:50:00,C34,-5351940.88889895,-27049952.127907306,-4370558.453007514,0.0009207004378836174,276019.047354806,-1.2822568386818985e-09,27918541.555595286,0.0,计算成功
2026-04-01 00:50:00,C35,16589335.170905601,-1388876.5603108918,-22418311.099893246,-0.0003369402268073102,-101012.13879364102,1.7031372716028992e-09,27923389.695451073,0.0,计算成功
2026-04-01 00:50:00,C36,13873443.32160439,9032599.710968323,22486147.89375698,0.00029110703672441385,87271.6940807083,-9.489286798758192e-10,27922878.33007668,0.0,计算成功
2026-04-01 00:50:00,C37,-18506418.944528677,20821757.061270162,1917473.4480244075,-0.0009807314117840833,-294015.8805765605,3.7214200472199877e-10,27923284.435983572,0.0,计算成功
2026-04-01 00:50:00,C38,-16301041.090545628,-18091538.722732905,13625772.68839156,0.00013585350337351219,40727.85570425651,-1.6009162954618454e-09,27905006.635862295,0.0,计算成功
2026-04-01 00:50:00,C39,22422348.783356294,-7513887.88608666,14794530.468495974,-0.0007855651098269752,-235506.49519406885,-5.832676920802051e-10,27894414.636453927,0.0,计算成功
2026-04-01 00:50:00,C40,-3407421.5223799665,21335281.848101623,17675083.05874462,-0.00036561519937609974,-109608.67930312101,-1.880278868364906e-09,27914392.956011668,0.0,计算成功
2026-04-01 00:50:00,C41,-26644674.087064125,-1613211.502089655,-8008821.216890342,-0.000939119340562617,-281540.89546260604,-2.694390141833656e-09,27869020.898489665,0.0,计算成功
2026-04-01 00:50:00,C42,-5738452.581481891,-16462145.736247204,21814577.55957824,-0.0008958303170514428,-268563.17269977136,-3.2945122238095873e-09,27925040.27524782,0.0,计算成功
2026-04-01 00:55:00,C01,-32327226.00476437,27073319.560848072,327489.6138106899,-8.096097687053215e-07,-242.7149025809798,8.643191369971881e-10,42167777.065599106,0.0,计算成功
2026-04-01 00:55:00,C02,7314533.307166602,41478729.75263613,-2010247.037686416,5.112734087631139e-07,153.27591192313264,8.405678797969027e-10,42166675.379337154,0.0,计算成功
2026-04-01 00:55:00,C03,-14745027.372528236,39458651.093238786,-1691498.1708125123,-6.858709565943225e-07,-205.61893994822327,1.0716848425953942e-09,42157587.03218702,0.0,计算成功
2026-04-01 00:55:00,C04,-39523840.22475773,14481268.884381901,-2000384.4919226035,4.145606990399954e-07,124.28217095539846,1.4706248928667329e-09,42140747.890011035,0.0,计算成功
2026-04-01 00:55:00,C06,-22372143.62177179,22367441.06380432,-27848165.80283934,0.0002827205929330658,84757.50148262123,-6.507507523648803e-09,42146596.16811747,0.0,计算成功
2026-04-01 00:55:00,C07,-17380648.15353434,37702013.61379489,-6436016.529334156,-2.1945186173650848e-05,-6579.001304266402,4.393306551641667e-09,42011320.73069823,0.0,计算成功
2026-04-01 00:55:00,C08,-5989578.723518658,27598456.161387675,31439889.563496884,-0.00022175456919661256,-66480.34737218356,1.0291990912821363e-08,42261288.33273005,0.0,计算成功
2026-04-01 00:55:00,C09,-8407904.338723175,22160142.393688645,-34712218.22238219,-0.0004034609703118018,-120954.55599684008,-1.3573114770863973e-08,42032164.59089347,0.0,计算成功
2026-04-01 00:55:00,C10,-15743411.172291242,38863050.668166175,748720.338817436,-0.0008119847785027003,-243426.9126059101,2.5155808223701304e-08,41937480.667322345,0.0,计算成功
2026-04-01 00:55:00,C11,11535561.354420718,24815766.209627725,-5432618.5461792825,-0.0005949155249936077,-178351.1875401941,1.40668351523902e-10,27899906.318853423,0.0,计算成功
2026-04-01 00:55:00,C12,15132183.129438154,15725089.584700286,-17394861.378125165,0.0006599532315964519,197849.00146534358,7.825517024508676e-10,27907751.809737246,0.0,计算成功
2026-04-01 00:55:00,C13,-17448102.402295817,-9838343.252086822,19420853.23986857,-0.0009303477849379113,-278911.24924139184,-8.662411204195952e-10,27899799.568301506,0.0,计算成功
2026-04-01 00:55:00,C14,5145538.078126421,-14913567.489690816,23021080.888915937,-0.00037733176413101254,-113121.21705031248,-8.530454759624117e-10,27908085.25637369,0.0,计算成功
2026-04-01 00:55:00,C19,23154316.311512765,12279115.531029671,-9632034.5909326,-0.0009522304453391938,-285471.50579067157,2.1017249461115997e-09,27922663.41950356,0.0,计算成功
2026-04-01 00:55:00,C20,7819186.97500884,16345461.709038679,-21234016.727196645,-0.0009278035679963214,-278148.5121907873,2.131984129724126e-09,27914105.21228765,0.0,计算成功
2026-04-01 00:55:00,C21,14529902.826325973,-10809897.010377597,21253270.679167546,-0.0008612435271104237,-258194.31392902357,-1.5916072679414112e-09,27922633.544839732,0.0,计算成功
2026-04-01 00:55:00,C22,26612880.448058654,931637.1414507311,8404187.93130909,0.00044908636544352317,134632.70535060007,-1.2458858839650615e-09,27923891.71105551,0.0,计算成功
2026-04-01 00:55:00,C23,-22196671.23603853,7680658.920917601,-15067589.014675532,-0.00046959181485575215,-140780.08443228685,6.051406977251811e-10,27905500.786322076,0.0,计算成功
2026-04-01 00:55:00,C24,4521627.032997567,-22129194.443450395,-16388434.437543323,-0.00022096778674152856,-66244.47592606266,1.4068715372459428e-09,27905682.95267518,0.0,计算成功
2026-04-01 00:55:00,C25,-13913148.847540911,-8837983.229596147,-22532298.629077077,0.000897614949051981,269098.19191383815,9.069813084087079e-10,27917559.705861837,0.0,计算成功
2026-04-01 00:55:00,C26,17489361.046193905,-21629723.685969263,-2029889.647887285,-0.0006219828896426005,-186465.77931989793,1.6358272153621076e-09,27889839.521196686,0.0,计算成功
2026-04-01 00:55:00,C27,-9217221.704879794,17758762.69633619,19426162.412989758,0.0006173229091147545,185068.75230322286,7.733726137034401e-10,27887391.677199665,0.0,计算成功
2026-04-01 00:55:00,C28,-16275873.271860512,2106173.716880953,22569544.80945127,0.0005041785075606042,151148.91405236511,-1.225699457881771e-10,27905633.32721858,0.0,计算成功
2026-04-01 00:55:00,C29,15858052.34667078,19656633.342987694,-11881172.571938908,0.0005873033003532694,176069.10000441893,6.298890883566434e-10,27910989.23891089,0.0,计算成功
2026-04-01 00:55:00,C30,5640096.567613372,26895516.54917006,4779866.947076461,0.0004233051599634347,126903.69438952128,9.583629687966646e-10,27893128.683789466,0.0,计算成功
2026-04-01 00:55:00,C31,8576163.339443637,-18217497.58446059,-19358121.01028226,0.0008371224755036817,250963.00457829353,9.028991982456088e-11,27931427.54879127,0.0,计算成功
2026-04-01 00:55:00,C32,-14467196.696878593,10907139.75148503,-21203445.637430932,-0.0009290650591525469,-278526.6977252574,1.082207578780136e-09,27889990.762352154,0.0,计算成功
2026-04-01 00:55:00,C33,-23130079.1420843,-12165765.471293984,9737101.098899383,-0.0009213934161055558,-276226.79699930135,-5.561441640611748e-10,27889380.567373663,0.0,计算成功
2026-04-01 00:55:00,C34,-5250133.383856504,-26910334.35734518,-5267657.7687738985,0.0009207028614524507,276019.77392246365,-1.239450259349821e-09,27919137.059395675,0.0,计算成功
2026-04-01 00:55:00,C35,16822790.42991939,-659729.0703710169,-22276177.078206692,-0.00033694478970811443,-101013.50671688873,1.7621393278702014e-09,27922564.092770945,0.0,计算成功
2026-04-01 00:55:00,C36,13342485.43750203,9592833.89954509,22575816.535372466,0.0002911062035476347,87271.44430059374,-8.918842289832866e-10,27923321.2944487,0.0,计算成功
2026-04-01 00:55:00,C37,-18578529.34020095,20821534.964424923,1000520.6928600859,-0.0009807286303861378,-294015.04673443374,4.2825328725531223e-10,27923092.815379858,0.0,计算成功
2026-04-01 00:55:00,C38,-16402862.71421824,-18538191.98251692,12884703.699625485,0.00013585372142143774,40727.92107338007,-1.605090610519797e-09,27905806.862179924,0.0,计算成功
2026-04-01 00:55:00,C39,22086334.680828486,-7115526.59093504,15481515.022780925,-0.0007855714944558891,-235508.40925766437,-6.244375146615966e-10,27894698.52320441,0.0,计算成功
2026-04-01 00:55:00,C40,-3846009.519390112,21740499.70537115,17082827.805390146,-0.00036561641788695803,-109609.04460348631,-1.8515207718848182e-09,27915302.65806002,0.0,计算成功
2026-04-01 00:55:00,C41,-26893988.697957568,-1692620.5065737264,-7113773.019794439,-0.0009391195810895302,-281540.9675707606,-2.819542678308203e-09,27870367.03816974,0.0,计算成功
2026-04-01 00:55:00,C42,-5009989.715004437,-16281882.469089624,22129063.37810206,-0.0008958299444211109,-268563.0609880082,-3.2269711789968636e-09,27926602.723456286,0.0,计算成功
2026-04-01 01:00:00,C01,-32326901.12045425,27073188.17140466,332842.58790303627,-8.095981434884327e-07,-242.71141742863395,8.692830157382027e-10,42167485.55468103,0.0,计算成功
2026-04-01 01:00:00,C02,7313518.502925143,41478425.05931717,-2014162.5292771985,5.112480743169744e-07,153.26831684725244,8.429446003520245e-10,42166386.48246211,0.0,计算成功
2026-04-01 01:00:00,C03,-14745930.817652412,39458041.01903732,-1688562.40792696,-6.858687881596553e-07,-205.61828986786435,1.0599976939153173e-09,42157214.32619199,0.0,计算成功
2026-04-01 01:00:00,C04,-39524866.38539556,14479604.35380803,-1982419.7668611929,4.1444474421049515e-07,124.24740857204561,1.4359383887690163e-09,42140289.42898031,0.0,计算成功
2026-04-01 01:00:00,C06,-22639164.620029557,22722660.110440068,-27343344.987708863,0.00028272115943571733,84757.67131584359,-6.541058212446785e-09,42148660.38564269,0.0,计算成功
2026-04-01 01:00:00,C07,-16991034.551126666,37743475.565630466,-7181222.138792279,-2.194561908075095e-05,-6579.131086550028,4.166368027065927e-09,42009941.13656438,0.0,计算成功
2026-04-01 01:00:00,C08,-6094469.938004835,27221499.01984545,31742438.649209592,-0.00022175539543754417,-66480.59507298336,1.0425515581564898e-08,42257957.642455064,0.0,计算成功
2026-04-01 01:00:00,C09,-8809220.130106686,22403481.155605827,-34460879.447628446,-0.0004034669138621762,-120956.33782841607,-1.3771394219568881e-08,42036538.14830906,0.0,计算成功
2026-04-01 01:00:00,C10,-15382910.710821193,39005690.17740619,-12704.316640296762,-0.000811983358663952,-243426.48694896177,2.4805596199349926e-08,41929440.3677483,0.0,计算成功
2026-04-01 01:00:00,C11,11541737.790770013,24993033.142756328,-4531926.278979911,-0.0005949220092023105,-178353.13145705927,1.1769119854889019e-10,27899852.55702821,0.0,计算成功
2026-04-01 01:00:00,C12,14536373.501815146,15610625.630772036,-17995078.569663867,0.000659951788701879,197848.56889643293,7.867662287693998e-10,27907358.16763683,0.0,计算成功
2026-04-01 01:00:00,C13,-17620850.258299258,-10474236.529327365,18926698.9769368,-0.0009303469876053607,-278911.01020710665,-8.871873479187405e-10,27900249.620053247,0.0,计算成功
2026-04-01 01:00:00,C14,5913582.438408262,-14740248.575517464,22948610.002282333,-0.0003773293570348759,-113120.49542104505,-8.456297936888709e-10,27908494.87809667,0.0,计算成功
2026-04-01 01:00:00,C19,22816282.94274904,12210040.83876683,-10485673.134275422,-0.0009522294768543917,-285471.2154462322,2.1557412473359877e-09,27921626.12898468,0.0,计算成功
2026-04-01 01:00:00,C20,7104612.699358221,16180347.103856817,-21606932.661513295,-0.0009278020083069633,-278148.04460768093,2.1574340855364394e-09,27913055.96039853,0.0,计算成功
2026-04-01 01:00:00,C21,15229127.482398972,-10638279.70084423,20847466.007550724,-0.0008612428024408238,-258194.09667854296,-1.533604389822632e-09,27923398.03470446,0.0,计算成功
2026-04-01 01:00:00,C22,26875406.197903804,1006211.988951264,7515133.699397135,0.00044908683047280735,134632.8447628722,-1.1848001450721744e-09,27924490.244028628,0.0,计算成功
2026-04-01 01:00:00,C23,-21867690.714320876,7264493.255702012,-15739484.433637938,-0.00046959096011173305,-140779.8281864764,6.013714563740773e-10,27905198.972164065,0.0,计算成功
2026-04-01 01:00:00,C24,4923019.341562524,-22508672.349110346,-15742088.781958979,-0.0002209777716085632,-66247.46931389377,1.4028206761329462e-09,27905014.05798037,0.0,计算成功
2026-04-01 01:00:00,C25,-13405256.977279942,-9421580.667566376,-22603053.80882424,0.0008976121455106743,269097.3514332987,9.441010413453602e-10,27917111.927758165,0.0,计算成功
2026-04-01 01:00:00,C26,17564728.133603904,-21634315.43566305,-1111994.9881426021,-0.0006219846337890516,-186466.30220184964,1.576999315501525e-09,27889062.580711443,0.0,计算成功
2026-04-01 01:00:00,C27,-9442796.256392531,17121057.164666615,19884376.44394654,0.0006173242927553197,185069.1671082289,7.083053585166559e-10,27887011.782191705,0.0,计算成功
2026-04-01 01:00:00,C28,-16500807.382398125,1366988.2031996683,22462923.39026061,0.0005041797513080305,151149.28691846319,-1.231604855102723e-10,27905702.432574756,0.0,计算成功
2026-04-01 01:00:00,C29,15948265.50547883,20042538.449117392,-11088594.95507162,0.000587304852438096,176069.56530774408,6.442706168422709e-10,27910705.082373586,0.0,计算成功
2026-04-01 01:00:00,C30,5530806.266681714,26743309.34225413,5675046.065571226,0.0004233074638686754,126904.38508293638,9.113487503688029e-10,27892661.4072845,0.0,计算成功
2026-04-01 01:00:00,C31,8829410.404340181,-17595827.621765632,-19813836.252071552,0.0008371198480599044,250962.21689046526,1.7587594341789514e-10,27931339.831935488,0.0,计算成功
2026-04-01 01:00:00,C32,-15167680.755180335,10740057.46950533,-20794621.85797424,-0.0009290640293071026,-278526.38898536033,1.0265213584877397e-09,27889490.353096902,0.0,计算成功
2026-04-01 01:00:00,C33,-22787511.814715862,-12100907.238730725,10589149.646280155,-0.0009213929447437594,-276226.6556885898,-6.136926165479355e-10,27889652.93684193,0.0,计算成功
2026-04-01 01:00:00,C34,-5135487.75846777,-26743965.781537604,-6156072.833591983,0.0009207052870643702,276020.5011026231,-1.1946005939056748e-09,27919709.399883013,0.0,计算成功
2026-04-01 01:00:00,C35,17068274.570651915,59710.266725331545,-22097341.090122662,-0.000336949355512332,-101014.87551055786,1.8182379707102783e-09,27921712.79467538,0.0,计算成功
2026-04-01 01:00:00,C36,12820705.937833412,10164888.750939505,22628292.573959287,0.00029110537184028415,87271.19496100277,-8.333703494761238e-10,27923737.01487812,0.0,计算成功
2026-04-01 01:00:00,C37,-18629398.443016365,20799655.40847413,81919.36519869757,-0.0009807258496937969,-294014.21310384193,4.836589651156924e-10,27922873.459626645,0.0,计算成功
2026-04-01 01:00:00,C38,-16504428.00980202,-18958662.699524824,12122363.902396217,0.00013585394211891095,40727.987236818044,-1.6066153779231944e-09,27906607.494771022,0.0,计算成功
2026-04-01 01:00:00,C39,21742327.60745065,-6693931.636686431,16142912.028494593,-0.0007855778780528295,-235510.32301188202,-6.645753637418478e-10,27895002.04886276,0.0,计算成功
2026-04-01 01:00:00,C40,-4262511.460993007,22138979.59024456,16462402.02446722,-0.00036561763334468593,-109609.40898854616,-1.8197095449737323e-09,27916197.836875003,0.0,计算成功
2026-04-01 01:00:00,C41,-27114809.58925592,-1759747.6216068193,-6206935.1675185375,-0.0009391198169444809,-281541.03827829595,-2.9400232522669474e-09,27871771.650311973,0.0,计算成功
2026-04-01 01:00:00,C42,-4268072.9550458165,-16114768.148333043,22407105.11725543,-0.0008958295664760863,-268562.94768294034,-3.154115441587956e-09,27928132.034918793,0.0,计算成功
