epoch_time,status,satellite_count,raw_satellite_count,spp_x,spp_y,spp_z,error_3d_before,PDOP,GDOP,clock_bias,iteration_count,failure_reason
2026-04-01 00:00:00,成功,31,31,-2267799.957815642,5009341.297964172,3221000.0509454305,1.299648394714298,0.542972540646529,0.5723406112417453,83.02134021616631,2,
2026-04-01 00:00:30,成功,31,31,-2267802.0213556103,5009339.5275793895,3221000.33419076,2.102556348973944,0.5429665854088394,0.5723337991425786,61.105590944151174,2,
2026-04-01 00:01:00,成功,31,31,-2267799.5537424977,5009339.927065097,3221000.686444509,0.8219922884011346,0.542960386601287,0.5723267731219962,74.30260455116965,2,
2026-04-01 00:01:30,成功,31,31,-2267799.1832622183,5009339.106985148,3221000.312739208,1.2499367752362116,0.5429539466011183,0.5723195349632945,90.5938859974919,2,
2026-04-01 00:02:00,成功,31,31,-2267799.6857062886,5009339.563785737,3221000.4510598634,0.7017965662292691,0.5429472685862167,0.5723120882065018,80.95800230777105,2,
2026-04-01 00:02:30,成功,31,31,-2267798.916152844,5009338.99292444,3220999.124264129,1.7192554077393263,0.5429403504561519,0.5723044300136811,71.22189431360862,2,
2026-04-01 00:03:00,成功,31,31,-2267800.183375104,5009337.634533576,3221000.2198053375,2.382723697667506,0.5429331991007291,0.5722965679663613,44.76012995413779,2,
2026-04-01 00:03:30,成功,31,31,-2267800.0920724664,5009340.926931082,3221000.276099085,0.9715499343917542,0.5429258144483733,0.5722885016203964,73.77442315872419,2,
2026-04-01 00:04:00,成功,31,31,-2267799.1182642514,5009340.996852188,3220999.842207191,1.3401756550531256,0.5429181956483928,0.5722802294000451,89.63222236526003,2,
2026-04-01 00:04:30,成功,31,31,-2267800.5376478774,5009340.59620735,3220999.0698299985,1.22871667821113,0.5429103479049413,0.5722717566169647,87.45203994285639,2,
2026-04-01 00:05:00,成功,31,31,-2267799.523915886,5009339.964006509,3221000.586607669,0.7563465954280126,0.5429022737886499,0.5722630862753794,76.55558843084589,2,
2026-04-01 00:05:30,成功,31,31,-2267799.4648490543,5009341.108406895,3221000.889922293,1.5188528785132192,0.5428939753387062,0.5722542196825507,84.15607490427293,2,
2026-04-01 00:06:00,成功,31,31,-2267799.886247567,5009341.198824935,3220998.8208218734,1.6854025911649537,0.542885452659816,0.5722451562855257,67.89233072823173,2,
2026-04-01 00:06:30,成功,31,31,-2267800.305073862,5009339.668133777,3220999.437818688,0.7205921725685318,0.5428767124615594,0.5722359036181516,76.60800405960045,2,
2026-04-01 00:07:00,成功,31,31,-2267799.603807953,5009339.511742437,3220997.297189671,2.7749859926937326,0.5428677539430808,0.5722264598450778,62.07444702049389,2,
2026-04-01 00:07:30,成功,31,31,-2267798.3793828185,5009339.77685262,3221000.7168258377,1.786066651607485,0.5428585872305792,0.5722168365337099,64.13464047105926,2,
2026-04-01 00:08:00,成功,31,31,-2267799.810508328,5009339.794997237,3220999.5625568284,0.5189313587711853,0.5428492078500764,0.572207026844334,71.89339322561698,2,
2026-04-01 00:08:30,成功,31,31,-2267801.5785924857,5009338.712583521,3221000.597339906,2.1227836414810994,0.5428396235602636,0.5721970396676952,77.57898932234993,2,
2026-04-01 00:09:00,成功,31,31,-2267799.6935458328,5009339.731218638,3221001.5018641744,1.5561984370632211,0.5428298357118292,0.5721868759890923,69.55951153050049,2,
2026-04-01 00:09:30,成功,31,31,-2267799.788533065,5009338.825555481,3220999.1647656253,1.4565900773770812,0.5428198456876188,0.5721765359409748,67.41209555469064,2,
2026-04-01 00:10:00,成功,31,31,-2267798.8753134487,5009339.8817909835,3220999.979274956,1.131071499800925,0.5428096634328685,0.5721660309338192,74.00589467202961,2,
2026-04-01 00:10:30,成功,31,31,-2267799.161813372,5009341.236176007,3221001.410937683,2.0546126376658314,0.542799290748048,0.5721553618588893,70.53390597976882,2,
2026-04-01 00:11:00,成功,31,31,-2267799.2693413235,5009340.548014864,3220998.1850259793,2.0318250635449737,0.5427887252925173,0.5721445248727477,98.28153708511016,2,
2026-04-01 00:11:30,成功,31,31,-2267799.768005412,5009340.038793552,3221000.744193719,0.7804810821146735,0.5427779815799703,0.5721335365784801,75.10744237630047,2,
2026-04-01 00:12:00,成功,31,31,-2267799.6370594874,5009339.853772059,3221000.054477363,0.39506481677978206,0.5427670557122758,0.572122391024001,55.14555037108137,2,
2026-04-01 00:12:30,成功,31,31,-2267800.479367211,5009340.332583699,3221000.9067831156,1.0782673410507673,0.5427559570348008,0.5721110983015931,70.93265520547557,2,
2026-04-01 00:13:00,成功,31,31,-2267800.2634185134,5009338.960789573,3221000.6227161097,1.23980763721474,0.5427446855729098,0.5720996574337569,85.38149845963449,2,
2026-04-01 00:13:30,成功,31,31,-2267799.518501575,5009340.735009297,3221000.4444818837,0.9847048006687205,0.5427332498437831,0.5720880773896108,89.54243594156732,2,
2026-04-01 00:14:00,成功,31,31,-2267801.470862941,5009338.4488091,3220998.640467894,2.5333690110067244,0.5427216505689221,0.5720763575900686,73.7287905411948,2,
2026-04-01 00:14:30,成功,31,31,-2267800.843854683,5009339.79109068,3220999.099192902,1.251873499081719,0.5427098978643083,0.5720645094304584,46.35954338178206,2,
2026-04-01 00:15:00,成功,31,31,-2267799.836756983,5009340.74873903,3220999.9835353508,0.766504731028292,0.5426979938501549,0.5720525340018445,70.67647113264866,2,
2026-04-01 00:15:30,成功,31,31,-2267800.5465427344,5009339.746397439,3220999.9489394156,0.604673798440644,0.5426859423770235,0.5720404344440869,73.46753941243333,2,
2026-04-01 00:16:00,成功,31,31,-2267799.020145314,5009339.452727008,3221001.751726053,2.0804247401879756,0.542673750840638,0.5720282187163197,105.38927050498235,2,
2026-04-01 00:16:30,成功,31,31,-2267799.797730484,5009341.080169501,3220998.82858863,1.6062016389921328,0.5426614212826406,0.5720158873325367,59.3727645586114,2,
2026-04-01 00:17:00,成功,31,31,-2267799.4043305083,5009339.797453782,3221000.193619792,0.658282414866425,0.5426489628008866,0.5720034504920182,64.22234276578514,2,
2026-04-01 00:17:30,成功,31,31,-2267800.928037429,5009339.654393811,3220998.8749554027,1.4988070102650317,0.5426363782368255,0.5719909096993557,87.65148793796784,2,
2026-04-01 00:18:00,成功,31,31,-2267800.457716461,5009341.1923258165,3220999.3940151115,1.413634640300251,0.5426236758332519,0.571978273899714,54.54507341761779,2,
2026-04-01 00:18:30,成功,31,31,-2267799.198658202,5009340.606517286,3221000.395893807,1.0801591559599912,0.5426108584171527,0.5719655449797384,81.19251231172473,2,
2026-04-01 00:19:00,成功,31,31,-2267799.058433832,5009338.955809501,3220998.490654264,2.0627663942183,0.5425979300841736,0.5719527261384286,41.32426196523582,2,
2026-04-01 00:19:30,成功,31,31,-2267800.4681585105,5009339.397351567,3221000.900303161,1.1802132461628532,0.5425849046946236,0.571939832657155,72.9483144680611,2,
2026-04-01 00:20:00,成功,31,31,-2267798.9433132033,5009341.880910276,3221000.562857641,2.2296231022925044,0.5425717805011352,0.571926861129554,67.54711567622098,2,
2026-04-01 00:20:30,成功,31,31,-2267800.341675688,5009339.94054124,3221000.560112665,0.6587896609125043,0.5425585645230598,0.5719138181855574,72.94650597570296,2,
2026-04-01 00:21:00,成功,31,31,-2267799.4206284527,5009338.852538957,3221000.78062473,1.5038993329398238,0.5425452638330085,0.5719007111255845,66.86533844096125,2,
2026-04-01 00:21:30,成功,31,31,-2267801.881931499,5009341.284261405,3220999.8516034624,2.2832028063484033,0.5425318868889358,0.5718875480101508,61.2779583616229,2,
2026-04-01 00:22:00,成功,31,31,-2267799.356896929,5009340.541498977,3220999.6891419347,0.896345602169912,0.5425184348248739,0.5718743294817829,86.75654647173948,2,
2026-04-01 00:22:30,成功,31,31,-2267799.034894462,5009341.3605213575,3221001.040331137,1.9658931653860112,0.5425049196930177,0.5718610677860803,76.9040108698905,2,
2026-04-01 00:23:00,成功,31,31,-2267799.929093002,5009340.368362525,3221000.259675639,0.4562347964321908,0.5424913424343472,0.5718477625043022,79.97319178885768,2,
2026-04-01 00:23:30,成功,31,31,-2267797.434138942,5009341.554367372,3220999.3722058767,3.064934967752454,0.5424777119602398,0.5718344230620386,72.31051447186769,2,
2026-04-01 00:24:00,成功,31,31,-2267799.3326059794,5009338.30690916,3220999.069704942,2.0438738383499246,0.5424640339726343,0.5718210542171772,63.136811632510934,2,
2026-04-01 00:24:30,成功,31,31,-2267799.393648828,5009340.512482301,3221000.0813793275,0.7980742120917735,0.5424503193594582,0.5718076677158588,81.10312599217625,2,
2026-04-01 00:25:00,成功,31,31,-2267799.5861680885,5009340.991944534,3221000.3421693374,1.1279586271466342,0.5424365693703015,0.5717942633348517,86.00094082608912,2,
2026-04-01 00:25:30,成功,31,31,-2267801.9697686466,5009338.240802768,3220999.735893698,2.654150629155524,0.5424227902415447,0.5717808467705051,92.13791333650386,2,
2026-04-01 00:26:00,成功,31,31,-2267799.497332149,5009340.33112104,3220999.2339853733,0.9742148220156573,0.5424089920917088,0.5717674288844865,92.54358073447789,2,
2026-04-01 00:26:30,成功,31,31,-2267800.6211099853,5009341.331772313,3220999.5843927315,1.527129500170139,0.5423951813109655,0.5717540151696525,69.7640240293124,2,
2026-04-01 00:27:00,成功,31,31,-2267801.9850872536,5009338.585352645,3220997.973530211,3.1699177195021027,0.5423813596454237,0.571740606254172,74.67778445123076,2,
2026-04-01 00:27:30,成功,31,31,-2267798.881376624,5009340.325471592,3221002.2421895377,2.526789254667609,0.5423675440416668,0.5717272211474342,84.05397235713775,2,
2026-04-01 00:28:00,成功,31,31,-2267797.881742303,5009341.755995899,3220997.697097432,3.5880213919270356,0.5423537280722764,0.5717138496665275,66.53860949996073,2,
2026-04-01 00:28:30,成功,31,31,-2267800.5953507675,5009337.840156364,3221001.838899854,2.8984340152300985,0.5423399305636596,0.5717005131295242,73.26198003027416,2,
2026-04-01 00:29:00,成功,31,31,-2267799.844988157,5009340.193300643,3221001.574216717,1.5935972144436736,0.5423261525241342,0.5716872109507561,59.64881453166058,2,
2026-04-01 00:29:30,成功,31,31,-2267798.5320204822,5009342.076839641,3220999.0127795176,2.728155244639271,0.5423123993617703,0.5716739478699133,54.56800811554122,2,
2026-04-01 00:30:00,成功,31,31,-2267799.051530228,5009340.533449474,3220999.9740549875,1.0885019031511523,0.5422986816644348,0.5716607349022256,92.07092901644918,2,
2026-04-01 00:30:30,成功,31,31,-2267799.977601632,5009340.374404312,3220999.5961760203,0.5511388957135904,0.5430984127462887,0.5724111470426982,79.5530901654994,2,
2026-04-01 00:31:00,成功,31,31,-2267802.254165059,5009338.047287497,3220999.749617854,2.9928310096596054,0.543088217490658,0.5724005125638614,52.50863968641423,2,
2026-04-01 00:31:30,成功,31,31,-2267800.831263351,5009340.999387681,3220999.602564515,1.3593121271725603,0.5430778466776514,0.5723897273381902,76.77211028866894,2,
2026-04-01 00:32:00,成功,31,31,-2267798.9147194144,5009338.906576971,3221000.073883078,1.5423574747362945,0.5430673037282007,0.5723787941104526,67.01458136865455,2,
2026-04-01 00:32:30,成功,31,31,-2267800.905161293,5009341.3860971145,3221001.350239742,2.136288730196338,0.5430565999997506,0.5723677248664626,75.15149877913383,2,
2026-04-01 00:33:00,成功,31,31,-2267799.9843591023,5009338.69274269,3220999.275029735,1.4949074205279638,0.5430457290876002,0.5723565111549611,76.1994765332087,2,
2026-04-01 00:33:30,成功,31,31,-2267799.696886486,5009340.293982061,3221002.8102210145,2.8417680068897013,0.5430347087218544,0.5723451728861781,63.903028884991016,2,
2026-04-01 00:34:00,成功,31,31,-2267799.5462982203,5009339.6385828685,3221001.5200940636,1.6270075629948053,0.5430235329853612,0.5723337014601269,78.87262067727698,2,
2026-04-01 00:34:30,成功,31,31,-2267800.1164713786,5009340.482065207,3220999.7997919596,0.5348230600812065,0.5430122121776986,0.5723221079769485,65.76893180848369,2,
2026-04-01 00:35:00,成功,31,31,-2267801.4478279813,5009342.1147743715,3220998.033519163,3.2304060718308807,0.5430007514890315,0.5723103973509122,66.18520054560132,2,
2026-04-01 00:35:30,成功,31,31,-2267801.513592823,5009341.176595466,3220997.993284465,2.7752923024307328,0.5429891549473844,0.5722985732990808,68.4235265589124,2,
2026-04-01 00:36:00,成功,31,31,-2267799.907138014,5009340.378501013,3221000.8378784554,0.9240815284506433,0.5429774296060702,0.5722866429539043,75.26738913021444,2,
2026-04-01 00:36:30,成功,31,31,-2267800.4770461633,5009339.358997096,3220998.6487491615,1.5698205607534967,0.5429655768678033,0.5722746061250032,75.05345649006706,2,
2026-04-01 00:37:00,成功,31,31,-2267800.598368005,5009339.472581922,3221000.4147423697,0.8990135323804204,0.542953608082314,0.5722624754596615,86.57050392083937,2,
2026-04-01 00:37:30,成功,31,31,-2267800.169577791,5009339.606914199,3220999.815873674,0.46602100599390633,0.5429415233852832,0.5722502495543478,68.79301902285997,2,
2026-04-01 00:38:00,成功,31,31,-2267799.224777321,5009340.635835264,3221000.777189662,1.2685741823355203,0.5429293317403505,0.572237937833221,81.46275586062649,2,
2026-04-01 00:38:30,成功,31,31,-2267799.52395893,5009341.250369229,3220998.6089825523,1.9300175776403194,0.5429170356249189,0.5722255415967219,66.27023932287062,2,
2026-04-01 00:39:00,成功,31,31,-2267799.0792057323,5009339.919983556,3221000.472436599,1.0380082151910635,0.5429046444367452,0.5722130710128649,62.80621024741714,2,
2026-04-01 00:39:30,成功,31,31,-2267798.944622042,5009340.935491443,3220999.5303863585,1.4864399905760268,0.5428921610356408,0.5722005277511509,68.01876316904709,2,
2026-04-01 00:40:00,成功,31,31,-2267799.7223023293,5009340.338189023,3220998.2725047325,1.7820571569568409,0.5428795917810051,0.5721879180348347,68.96846823925796,2,
2026-04-01 00:40:30,成功,31,31,-2267800.910064051,5009339.794600318,3221001.1079756073,1.4484528133117156,0.542866946286618,0.5721752520429019,67.90413772344874,2,
2026-04-01 00:41:00,成功,31,31,-2267802.003236619,5009339.8640994625,3221000.7378553334,2.139125148295048,0.5428542247748187,0.5721625283838749,67.91227820789037,2,
2026-04-01 00:41:30,成功,31,31,-2267799.1080658063,5009340.544602992,3220999.9716443587,1.0454391742907405,0.5428414332171744,0.5721497530356155,77.54111132984352,2,
2026-04-01 00:42:00,成功,31,31,-2267801.167323319,5009341.373291524,3221000.0115981246,1.8024172261971023,0.5428285831150342,0.572136937746656,80.31550272060049,2,
2026-04-01 00:42:30,成功,31,31,-2267802.285284113,5009340.927667886,3221000.9615743007,2.647209156867182,0.5428156767293327,0.5721240841003014,67.09243383169728,2,
2026-04-01 00:43:00,成功,31,31,-2267800.995140828,5009341.605100035,3221001.295186302,2.290012870432217,0.542802719179811,0.5721111967297754,86.65647647393249,2,
2026-04-01 00:43:30,成功,31,31,-2267798.2814028133,5009340.978770329,3221001.9137979248,2.752124659852416,0.5427897167007507,0.5720982815601281,80.74691769529646,2,
2026-04-01 00:44:00,成功,31,31,-2267800.9315414964,5009340.435217635,3221000.638164896,1.210139819908761,0.5427766778082137,0.5720853467896432,83.36805760437998,2,
2026-04-01 00:44:30,成功,31,31,-2267799.9997036043,5009338.797823681,3221000.0387541284,1.2028008452475405,0.5427636054165017,0.5720723949765321,61.51152036642509,2,
2026-04-01 00:45:00,成功,31,31,-2267797.9913753597,5009339.07462052,3221001.1049639154,2.4722146715890863,0.5427505090365492,0.5720594358130795,76.57816889518922,2,
2026-04-01 00:45:30,成功,31,31,-2267799.373015115,5009339.306971288,3221000.23505208,0.963664008611639,0.5427373934463229,0.5720464731517345,55.65844024491899,2,
2026-04-01 00:46:00,成功,31,31,-2267800.1560165463,5009339.636453396,3221000.728053756,0.8285949359738856,0.5427242653634299,0.5720335137979442,70.49628452157656,2,
2026-04-01 00:46:30,成功,31,31,-2267800.1034700098,5009339.312178326,3220999.2544080014,1.0196627514471281,0.5427111279693391,0.5720205599434426,58.84154695813827,2,
2026-04-01 00:47:00,成功,31,31,-2267801.8727184166,5009341.224755782,3221001.362222387,2.6196852529222108,0.5426979942759756,0.5720076255857268,107.24635527085798,2,
2026-04-01 00:47:30,成功,31,31,-2267800.947227357,5009340.659951928,3220998.323934765,2.035183255847352,0.5426848595001079,0.5719947035077245,64.24762783812002,2,
2026-04-01 00:48:00,成功,31,31,-2267797.8925150842,5009339.646426732,3221002.650601098,3.404730959431259,0.5426717406024137,0.5719818127214471,70.922844005608,2,
2026-04-01 00:48:30,成功,31,31,-2267798.1175253633,5009339.810453321,3221000.7274241312,2.0270137068977387,0.5426586366885152,0.5719689499676582,76.96081805490316,2,
2026-04-01 00:49:00,成功,31,31,-2267799.8390624067,5009341.417769628,3221000.155233916,1.4352941143409248,0.5426455590054923,0.5719561274437179,58.048002031388464,2,
2026-04-01 00:49:30,成功,31,31,-2267800.1086665294,5009340.97848552,3220998.3415424395,1.9286585512533594,0.5426325088024812,0.5719433452081892,78.58502800550703,2,
2026-04-01 00:50:00,成功,31,31,-2267798.9316723007,5009339.492440291,3221000.215400609,1.2022222565035685,0.5426194964944756,0.5719306142876558,70.88473956935492,2,
2026-04-01 00:50:30,成功,31,31,-2267799.291201139,5009339.087757835,3220999.7663439456,1.1786334224789679,0.5426065260094649,0.5719179375275959,80.89771721488933,2,
2026-04-01 00:51:00,成功,31,31,-2267800.75003072,5009341.220011951,3220999.300543032,1.593805286925856,0.5425936057278915,0.5719053234853197,80.02267367127914,2,
2026-04-01 00:51:30,成功,31,31,-2267799.18175397,5009338.234466336,3220997.7681313516,2.961059497675722,0.5425807356400866,0.5718927708417595,66.92138292696268,2,
2026-04-01 00:52:00,成功,31,31,-2267800.090774933,5009339.346653985,3221000.162391671,0.6793174211972455,0.5425679323729204,0.5718802977562342,79.39480380881992,2,
2026-04-01 00:52:30,成功,31,31,-2267800.3732329495,5009341.145925306,3221000.284189248,1.2382290457427465,0.5425551943750238,0.5718679008627268,90.34973719133237,2,
2026-04-01 00:53:00,成功,31,31,-2267800.0131942076,5009338.142786961,3221000.4529860863,1.91170362595838,0.5425425269460656,0.5718555850878403,78.59440301247844,2,
2026-04-01 00:53:30,成功,31,31,-2267800.0426472984,5009340.794820324,3221001.191306152,1.4327485775391362,0.542529941867056,0.5718433628939559,75.51052378738567,2,
2026-04-01 00:54:00,成功,31,31,-2267798.2760374458,5009340.13467376,3221000.465425365,1.7907553380210066,0.542517438524641,0.571831232157252,75.93253251345095,2,
2026-04-01 00:54:30,成功,31,31,-2267798.841374282,5009339.312741107,3220999.7782456395,1.3652521147630654,0.5425050272607506,0.5718192036029255,72.27133385636596,2,
2026-04-01 00:55:00,成功,31,31,-2267799.1570912255,5009340.739208488,3221001.100734963,1.5711593965955448,0.542492715602858,0.5718072848792939,63.472363171224664,2,
2026-04-01 00:55:30,成功,31,31,-2267801.511143375,5009339.64537873,3220998.5781618087,2.104978476772157,0.5424805037047052,0.571795474508018,80.1629154269313,2,
2026-04-01 00:56:00,成功,31,31,-2267801.120619107,5009338.444976133,3221001.009231285,2.1662027135272046,0.5424684033642533,0.5717837854995051,45.73069680780916,2,
2026-04-01 00:56:30,成功,31,31,-2267800.078759116,5009339.668091754,3220999.8670917237,0.36610202369614697,0.542456416030688,0.5717722178280762,62.49395768733316,2,
2026-04-01 00:57:00,成功,31,31,-2267800.6651694644,5009340.684653677,3220999.645251541,1.0183553127990321,0.5424445505690169,0.5717607807046468,74.4298275437206,2,
2026-04-01 00:57:30,成功,31,31,-2267798.5601196717,5009339.288248914,3221000.2844068483,1.6311751049553185,0.5424328099704419,0.5717494764300375,84.1150108634477,2,
2026-04-01 00:58:00,成功,31,31,-2267800.605531493,5009340.052625077,3221000.5162418215,0.7974605985232217,0.5424212037990082,0.571738314741655,90.61967369207306,2,
2026-04-01 00:58:30,成功,31,31,-2267800.0224863645,5009341.168541797,3221000.0475827963,1.1697263318607447,0.5424097340625625,0.5717272968539995,55.09994129826931,2,
2026-04-01 00:59:00,成功,31,31,-2267800.1247232184,5009340.344239172,3220999.3689010786,0.7296179391086819,0.5423984068865879,0.5717164286236253,93.02237267621202,2,
2026-04-01 00:59:30,成功,31,31,-2267799.015342035,5009339.163189569,3221000.8768253704,1.5616099822243656,0.5423872297177214,0.571705717676677,68.39576913694707,2,
2026-04-01 01:00:00,成功,31,31,-2267799.24895634,5009341.930896743,3220998.790025187,2.399264024636193,0.542376206710119,0.5716951673826828,72.79743332596705,2,
2026-04-01 01:00:30,成功,31,31,-2267801.625521688,5009339.457002739,3221000.6910579605,1.8478982350896855,0.5423653448151693,0.571684784923637,68.78654108455903,2,
2026-04-01 01:01:00,成功,31,31,-2267800.8102589957,5009339.9910425125,3221000.2000932894,0.8346479504645072,0.542354646749473,0.5716745721528254,83.03407362282785,2,
2026-04-01 01:01:30,成功,31,31,-2267798.770067,5009340.395546421,3220999.2149727507,1.5117737722495121,0.5423441184474902,0.5716645348575565,74.43854339575606,2,
2026-04-01 01:02:00,成功,31,31,-2267802.791014113,5009340.411668161,3220998.233158583,3.328807451195395,0.5423337678646967,0.5716546810962807,96.82731281309495,2,
2026-04-01 01:02:30,成功,31,31,-2267800.279896554,5009341.019955921,3220998.425810806,1.8965030398822682,0.5423235973102966,0.5716450126582536,96.7536255327846,2,
2026-04-01 01:03:00,成功,31,31,-2267799.888146736,5009341.272339905,3221001.0224022646,1.6360520702030008,0.5423136152614384,0.5716355382514384,93.40770569551886,2,
2026-04-01 01:03:30,成功,31,31,-2267799.6518781874,5009341.158938828,3220999.830919463,1.2218495124951698,0.5423038214063435,0.571626256158301,73.13991846753427,2,
2026-04-01 01:04:00,成功,31,31,-2267798.9929461726,5009339.721709617,3220998.9634773796,1.4717275871697633,0.5422942231507589,0.5716171741162989,83.65837516475635,2,
2026-04-01 01:04:30,成功,31,31,-2267799.9960640105,5009340.428067493,3221001.0831604544,1.1646861554875454,0.5422848297879717,0.5716083020374559,82.32220172449559,2,
2026-04-01 01:05:00,成功,31,31,-2267800.4576252485,5009340.094029081,3221000.6077631176,0.7665757257375485,0.5422756396091948,0.5715996366168306,58.454392411403674,2,
2026-04-01 01:05:30,成功,31,31,-2267800.18363527,5009337.975052777,3220999.294487629,2.1521804931150967,0.5422666582370368,0.5715911834523865,69.53645444084157,2,
2026-04-01 01:06:00,成功,31,31,-2267800.0674182856,5009340.293443459,3221000.6182946553,0.687708201018771,0.5422578963770753,0.5715829542388027,84.9184240027388,2,
2026-04-01 01:06:30,成功,31,31,-2267798.313806479,5009341.39633454,3221001.667109587,2.7517727221598167,0.5422493530001743,0.5715749465970074,79.58801597973415,2,
2026-04-01 01:07:00,成功,31,31,-2267799.604704095,5009338.746835514,3221001.963035042,2.3622418710549486,0.5422410322704343,0.5715671643333504,87.19216408271666,2,
2026-04-01 01:07:30,成功,31,31,-2267799.7795035616,5009339.502801049,3221001.596742471,1.6868349047994777,0.5422329410992662,0.5715596146654828,70.47497488300299,2,
2026-04-01 01:08:00,成功,31,31,-2267800.5324573168,5009338.366523852,3220998.597618464,2.217753163492979,0.5422250800616797,0.5715522971691929,68.44918157561291,2,
2026-04-01 01:08:30,成功,31,31,-2267800.486132196,5009340.681983608,3220999.6967678834,0.8907164925069034,0.5422174608252353,0.5715452249090898,82.12443092631649,2,
2026-04-01 01:09:00,成功,31,31,-2267801.022605094,5009339.846417433,3221000.1020481414,1.0390970150545362,0.5422100808508918,0.5715383937262084,65.5953124207916,2,
2026-04-01 01:09:30,成功,31,31,-2267797.5896307644,5009339.287966423,3220999.970558841,2.513511179351339,0.5422029448579461,0.5715318083013728,102.55195020686168,2,
2026-04-01 01:10:00,成功,31,31,-2267800.9923765985,5009340.88455488,3221001.512908873,2.0139865707177385,0.5421960622404611,0.5715254788659032,56.72968610427404,2,
2026-04-01 01:10:30,成功,31,31,-2267798.861358165,5009339.091704098,3220999.2649637726,1.6314977569017952,0.5421894266082632,0.5715193968049943,89.17219422953501,2,
2026-04-01 01:11:00,成功,31,31,-2267798.8872709027,5009339.752682517,3221000.0872407826,1.143216049252774,0.5421830518990179,0.571513577959067,88.74830680408134,2,
2026-04-01 01:11:30,成功,31,31,-2267800.335654043,5009339.097949395,3220999.0628641094,1.3433475381161368,0.5421769358467319,0.5715080186265387,81.6143660991374,2,
2026-04-01 01:12:00,成功,31,31,-2267799.7381825,5009340.994077751,3221000.6551002953,1.2189730825931337,0.5421710865563345,0.5715027277355336,95.29665205114591,2,
2026-04-01 01:12:30,成功,31,31,-2267799.2828863044,5009341.406778964,3221001.9077200126,2.476423782992531,0.5421655036282457,0.5714977038900082,65.0353419421928,2,
2026-04-01 01:13:00,成功,31,31,-2267798.042112633,5009341.106448855,3221000.8025330007,2.3878046879714527,0.5421601890580945,0.5714929486117352,73.41525524529465,2,
2026-04-01 01:13:30,成功,31,31,-2267801.6198013,5009339.4454329265,3221000.6271947175,1.8233688887653066,0.5421551494502184,0.5714884690752795,98.0107283578491,2,
2026-04-01 01:14:00,成功,31,31,-2267798.894246158,5009339.200476371,3220999.34938918,1.511695746969782,0.5421503853957816,0.571484265171304,69.59109346773602,2,
2026-04-01 01:14:30,成功,31,31,-2267800.28025221,5009338.122234627,3221000.2534614266,1.9154077354882175,0.5421459034755874,0.5714803441050477,77.95123407184437,2,
2026-04-01 01:15:00,成功,31,31,-2267798.560389577,5009339.109593676,3220998.5583865643,2.223409743927042,0.5421417029976147,0.5714767042195023,68.06791188581516,2,
2026-04-01 01:15:30,成功,31,31,-2267799.1234530853,5009339.8774404535,3221000.5690302467,1.0522123159059984,0.5421377914210213,0.5714733538933094,87.05418693796496,2,
2026-04-01 01:16:00,成功,31,31,-2267799.302602905,5009340.725318604,3220999.1796884933,1.2982144483664204,0.5421341656732576,0.5714702886300065,95.72474129952839,2,
2026-04-01 01:16:30,成功,31,31,-2267799.8164233556,5009339.833657706,3221000.1817172216,0.3072316580771792,0.5421308318513216,0.5714675152075435,85.54119510814772,2,
2026-04-01 01:17:00,成功,31,31,-2267799.969780408,5009340.06930258,3221000.0183808273,0.07780698040677962,0.5421277911673545,0.5714650343936895,67.21643899688772,2,
2026-04-01 01:17:30,成功,31,31,-2267799.9599521426,5009342.26751673,3220999.545184678,2.3130267898373313,0.5421250471316623,0.571462849827794,82.76932527765199,2,
2026-04-01 01:18:00,成功,31,31,-2267799.8862527953,5009339.941545877,3221000.099980488,0.16233117098032818,0.5421225994406421,0.5714609606021659,75.5008322253962,2,
2026-04-01 01:18:30,成功,31,31,-2267799.256065763,5009342.101094665,3221000.6336383326,2.3172255990157105,0.542120454325983,0.5714593736448642,64.70182192056497,2,
2026-04-01 01:19:00,成功,31,31,-2267800.498948145,5009339.300696792,3221000.2855235646,0.9052612518563417,0.5421186083402343,0.5714580843103302,74.65886698437228,2,
2026-04-01 01:19:30,成功,31,31,-2267800.4983226173,5009341.117775811,3221000.012954066,1.2238937870977136,0.542117068897113,0.5714571010179149,78.79824374275358,2,
2026-04-01 01:20:00,成功,31,31,-2267799.680948816,5009338.054704849,3221002.0739591233,2.861341176653984,0.5421158342752478,0.5714564212777,69.91633647251635,2,
2026-04-01 01:20:30,成功,31,31,-2267798.8815610884,5009340.340547037,3220999.630165428,1.2262363126085043,0.5421149068611878,0.571456047442472,69.29482058334975,2,
2026-04-01 01:21:00,成功,31,31,-2267800.856874495,5009339.431945659,3220999.5162798376,1.1361799282991607,0.5421142890037018,0.5714559820808424,82.44342555373122,2,
2026-04-01 01:21:30,成功,31,31,-2267799.0434312434,5009340.028040156,3221001.770836852,2.0128768449514616,0.5421139838180001,0.5714562284871026,95.95423465876364,2,
2026-04-01 01:22:00,成功,31,31,-2267800.9572857255,5009342.150019485,3220998.7200863035,2.6790219884679956,0.5421139879870612,0.5714567823255634,69.94488438974565,2,
2026-04-01 01:22:30,成功,31,31,-2267800.2396601834,5009339.617329156,3221000.1459169686,0.47451632223949897,0.5421143056624852,0.5714576483241471,75.28625664237724,2,
2026-04-01 01:23:00,成功,31,31,-2267801.6153060277,5009339.544434856,3220999.112178741,1.8986784224089819,0.5421149374278724,0.5714588268881758,66.29123466942913,2,
2026-04-01 01:23:30,成功,31,31,-2267800.9496436096,5009339.577787581,3221000.954149881,1.410846663285034,0.5421158863960348,0.5714603215180035,67.71338489721153,2,
2026-04-01 01:24:00,成功,31,31,-2267799.9870100482,5009341.677641045,3221000.015493407,1.6777628740042856,0.5421171505368354,0.5714621294990052,61.52118196411989,2,
2026-04-01 01:24:30,成功,31,31,-2267799.125403287,5009339.023590825,3221001.6418246976,2.10092423141258,0.5421187307562501,0.5714642517984042,82.44931142080323,2,
2026-04-01 01:25:00,成功,31,31,-2267799.3393834303,5009338.94439301,3220997.9726401865,2.379266311898847,0.5421206260920562,0.571466687019966,76.47317397549506,2,
2026-04-01 01:25:30,成功,31,31,-2267799.6454726066,5009338.275296041,3220999.636326647,1.7979298449160097,0.5421228431588848,0.5714694431194117,73.41986016178122,2,
2026-04-01 01:26:00,成功,31,31,-2267798.8517657206,5009340.9958310425,3221000.8948586276,1.7637724878555243,0.5421253802167678,0.5714725178012466,58.32916069727925,2,
2026-04-01 01:26:30,成功,31,31,-2267800.372867999,5009338.815430902,3220998.9722367767,1.6119961960137088,0.542128230958434,0.5714759034091783,78.75604308306815,2,
2026-04-01 01:27:00,成功,31,31,-2267798.812436816,5009339.037550792,3221000.4938549544,1.6063958136701646,0.5421314042970503,0.5714796106190978,74.68480391587725,2,
2026-04-01 01:27:30,成功,31,31,-2267797.6849129037,5009339.833852825,3221001.215179245,2.619903384620383,0.5421348963848635,0.5714836347983888,70.2956444273222,2,
2026-04-01 01:28:00,成功,31,31,-2267798.3273660466,5009342.165850503,3221001.3347230502,3.0446836232740755,0.5421387080163044,0.5714879769603887,72.65264656840883,2,
2026-04-01 01:28:30,成功,31,31,-2267801.2727552387,5009341.170900444,3220999.8768263957,1.7338066452622445,0.5421428354040442,0.5714926325704581,90.048411666779,2,
2026-04-01 01:29:00,成功,31,31,-2267800.342866681,5009341.8047500895,3220999.5070094513,1.902030527561502,0.5421472826872271,0.5714976065728063,67.5682387626352,2,
2026-04-01 01:29:30,成功,31,31,-2267800.8853536453,5009340.855498603,3221000.0411601053,1.2318372825185608,0.5421520478890739,0.571502896814104,79.39557198723011,2,
2026-04-01 01:30:00,成功,31,31,-2267799.6849561585,5009342.373720462,3221001.169525232,2.664880996313127,0.5421571324399851,0.5715085050682283,82.7430349616449,2,
2026-04-01 01:30:30,成功,31,31,-2267802.0570418537,5009340.935064332,3220997.6662030886,3.24844185967867,0.5431547610982593,0.5724645213635273,59.55710980738153,2,
2026-04-01 01:31:00,成功,31,31,-2267801.032472662,5009342.239615939,3221000.5357463965,2.5236686692281864,0.5431449441192454,0.5724551809148096,71.57170690924346,2,
2026-04-01 01:31:30,成功,31,31,-2267799.085384504,5009342.257525177,3221000.2423783154,2.4477926131606234,0.5431353008588324,0.5724460168648382,71.02199714304655,2,
2026-04-01 01:32:00,成功,31,31,-2267800.9870587187,5009339.883268396,3221000.892090313,1.3355659130936481,0.5431258387198153,0.572437037535765,62.176530193521415,2,
2026-04-01 01:32:30,成功,31,31,-2267801.4510116195,5009340.412535009,3220998.1783129545,2.365198415653719,0.543116556750577,0.5724282410480201,61.70457382369268,2,
2026-04-01 01:33:00,成功,31,31,-2267801.0535768047,5009339.145962279,3220999.376934401,1.4925197660897822,0.5431074611638922,0.5724196342387351,67.36431721876576,2,
2026-04-01 01:33:30,成功,31,31,-2267798.184092703,5009340.224968608,3221000.762906644,1.9824622906546845,0.5430985525582069,0.5724112171918193,88.13217442337263,2,
2026-04-01 01:34:00,成功,31,31,-2267801.2840352086,5009338.289191811,3220999.8860494415,2.1421007924833555,0.543089833142386,0.5724029920647822,77.44304680641478,2,
2026-04-01 01:34:30,成功,31,31,-2267800.0024668477,5009339.483147462,3220999.5601901137,0.6786570323386105,0.5430813049569078,0.5723949606086618,90.24552139833837,2,
2026-04-01 01:35:00,成功,31,31,-2267800.2091476265,5009340.879448512,3221000.0712630893,0.9067804818172681,0.5430729718123479,0.5723871269488322,75.17009972164185,2,
2026-04-01 01:35:30,成功,31,31,-2267799.099918758,5009340.871664964,3220999.9488592604,1.2540181124156458,0.5430648328140455,0.5723794893810225,65.52108041827806,2,
2026-04-01 01:36:00,成功,31,31,-2267798.67212972,5009339.564610725,3221000.671697678,1.5504776914846778,0.5430568919043346,0.5723720521969298,83.66447654658568,2,
2026-04-01 01:36:30,成功,31,31,-2267799.5172579954,5009340.180269595,3221000.737918505,0.9000337159941437,0.5430491513572859,0.5723648177013905,97.23889492899156,2,
2026-04-01 01:37:00,成功,31,31,-2267799.195859899,5009339.753178317,3221001.3843968255,1.6199125951132471,0.5430416116375764,0.5723577858944933,97.94359170298786,2,
2026-04-01 01:37:30,成功,31,31,-2267798.8614460183,5009339.986025789,3220999.3571629827,1.3075702193670493,0.5430342732023418,0.5723509569229053,74.8124373115734,2,
2026-04-01 01:38:00,成功,31,31,-2267801.074177021,5009339.2180675035,3221000.0444821925,1.3293808210093938,0.5430271419976834,0.5723443376039462,84.26406020137472,2,
2026-04-01 01:38:30,成功,31,31,-2267798.600394195,5009340.068618806,3221001.0979091004,1.7801711554591981,0.5430202158380015,0.5723379247410144,76.00477249100011,2,
2026-04-01 01:39:00,成功,31,31,-2267799.085835738,5009339.180159369,3221001.4751111073,1.9193196028013526,0.5430134971906313,0.5723317210897582,77.95887629080049,2,
2026-04-01 01:39:30,成功,31,31,-2267800.5204731743,5009340.697900064,3220999.9229035485,0.8740141232988337,0.5430069872474027,0.5723257277477033,84.30506112768221,2,
2026-04-01 01:40:00,成功,31,31,-2267802.0915505746,5009339.556006549,3221001.587301705,2.6629383570905443,0.5430006886729224,0.5723199475182311,83.77911556764869,2,
2026-04-01 01:40:30,成功,31,31,-2267801.381380965,5009340.903205612,3220999.934491985,1.6517521144473595,0.542994598866945,0.5723143769528586,75.77144966428087,2,
2026-04-01 01:41:00,成功,31,31,-2267799.08212257,5009339.034976609,3220999.8420739914,1.3411598510026856,0.5429887204840464,0.5723090189128716,79.31076213747399,2,
2026-04-01 01:41:30,成功,31,31,-2267802.1715451805,5009339.770313664,3220998.9651931315,2.4164415032974556,0.5429830577985055,0.5723038786106233,52.070486303214174,2,
2026-04-01 01:42:00,成功,31,31,-2267801.5779206958,5009338.727810391,3220998.5893558217,2.4694568472674727,0.5429776073016351,0.5722989512279356,77.9883643647197,2,
2026-04-01 01:42:30,成功,31,31,-2267800.6403656946,5009339.310004038,3220997.316690933,2.843643824390149,0.5429723714013202,0.5722942396228333,85.40895019137928,2,
2026-04-01 01:43:00,成功,31,31,-2267801.0627735946,5009339.465269886,3221002.34020012,2.6252543896755647,0.5429673559408219,0.5722897507006606,85.2895754377731,2,
2026-04-01 01:43:30,成功,31,31,-2267801.15115068,5009338.696606239,3220998.327789474,2.4125238294605653,0.5429625492424991,0.5722854701086557,61.14842006658232,2,
2026-04-01 01:44:00,成功,31,31,-2267799.872378421,5009340.350416365,3221000.4281219747,0.5677740057028929,0.5429579640429598,0.5722814131431184,87.26978941031179,2,
2026-04-01 01:44:30,成功,31,31,-2267800.199754976,5009342.210161448,3221001.363482932,2.6045731675023096,0.5429535955371191,0.572277573938186,80.46083025232002,2,
2026-04-01 01:45:00,成功,31,31,-2267802.6965113827,5009338.539345414,3220999.7653877353,3.0756671423088897,0.5429494408537568,0.5722739488448451,95.0484838391016,2,
2026-04-01 01:45:30,成功,31,31,-2267797.884584269,5009340.227721669,3221000.0989393815,2.129936589320448,0.5429455045252702,0.5722705431499255,81.53229916750108,2,
2026-04-01 01:46:00,成功,31,31,-2267801.8364491607,5009340.725790746,3221000.410276485,2.016840231770069,0.542941788398716,0.5722673594913901,96.97992356113626,2,
2026-04-01 01:46:30,成功,31,31,-2267801.805522551,5009340.090076714,3221001.2783661014,2.2141014848545892,0.5429382883364323,0.5722643923893943,68.13042728375504,2,
2026-04-01 01:47:00,成功,31,31,-2267800.8087731367,5009340.235502253,3220999.6697432157,0.9047899433272004,0.5429350038992914,0.5722616414614649,76.00405837230076,2,
2026-04-01 01:47:30,成功,31,31,-2267799.576371991,5009339.249342773,3220997.900618841,2.2694378628292093,0.5429319361576164,0.5722591080153103,78.46928429127041,2,
2026-04-01 01:48:00,成功,31,31,-2267800.2806213773,5009340.333294615,3221000.2012664853,0.47993942947916574,0.5429290901494163,0.5722567983433535,80.33661976025394,2,
2026-04-01 01:48:30,成功,31,31,-2267799.309631084,5009338.72787024,3221001.418677114,2.026713625624219,0.542926458448949,0.5722547032981486,72.79992445706355,2,
2026-04-01 01:49:00,成功,31,31,-2267799.8725210354,5009340.235219847,3221000.7956756703,0.8394516277224641,0.5429240436015664,0.572252826304327,93.75672081618322,2,
2026-04-01 01:49:30,成功,31,31,-2267800.6199307973,5009340.904585967,3221000.3642997234,1.155553656595117,0.5429218445354491,0.5722511660446935,57.59059787880247,2,
2026-04-01 01:50:00,成功,31,31,-2267800.151140869,5009340.865150652,3221000.150051092,0.8909795412602735,0.5429198602742853,0.5722497214229613,84.2434964859801,2,
2026-04-01 01:50:30,成功,31,31,-2267798.339879233,5009339.664977001,3221001.562647153,2.3043670489722152,0.5429180910017138,0.5722484928036573,96.84069133321175,2,
2026-04-01 01:51:00,成功,31,31,-2267799.5242939163,5009337.747078958,3221000.3071482815,2.322991512365322,0.5429165343460163,0.5722474776939332,72.78208488566368,2,
2026-04-01 01:51:30,成功,31,31,-2267799.16030483,5009341.350778831,3220998.8310355823,1.9738716369320086,0.5429151924590071,0.5722466788601638,75.16574937005136,2,
2026-04-01 01:52:00,成功,31,31,-2267798.309629648,5009340.831833054,3220998.653870899,2.3154614471267503,0.5429140618634802,0.5722460921376542,59.953562141385554,2,
2026-04-01 01:52:30,成功,31,31,-2267799.946184623,5009339.605512538,3221000.022004571,0.3987488603277407,0.5429131441597509,0.5722457199182535,99.08963693299879,2,
2026-04-01 01:53:00,成功,31,31,-2267801.0786405583,5009341.385322445,3220999.768975099,1.7708631329539315,0.5429124364749464,0.5722455589627122,69.91780069613006,2,
2026-04-01 01:53:30,成功,31,31,-2267800.4259243454,5009341.009063914,3220999.290025267,1.3052530992603537,0.5429119361083979,0.5722456061084522,55.92785660514487,2,
2026-04-01 01:54:00,成功,31,31,-2267802.579143472,5009341.52280477,3221000.745389887,3.0865063582735184,0.5429116462372332,0.5722458657866648,58.48188882627276,2,
2026-04-01 01:54:30,成功,31,31,-2267800.4423187408,5009339.303061606,3221000.6373998546,1.0429034315835422,0.5429115590797468,0.5722463285079297,66.40752170568202,2,
2026-04-01 01:55:00,成功,31,31,-2267800.4928577524,5009340.467968629,3220998.273211664,1.8557212502724798,0.5429116773903343,0.5722469984046341,73.23895880167211,2,
2026-04-01 01:55:30,成功,31,31,-2267801.0085973623,5009340.467485805,3220999.5495436047,1.1994676240919435,0.5429120017069733,0.5722478762987048,70.57010248576108,2,
2026-04-01 01:56:00,成功,31,31,-2267797.995691855,5009340.672744156,3221000.2752173888,2.1320366907123605,0.5429125266522989,0.5722489559303834,69.53902404150445,2,
2026-04-01 01:56:30,成功,31,31,-2267798.255303977,5009339.785209416,3221001.354167901,2.2189794751897485,0.5429132528144972,0.5722502387007343,66.17900534667719,2,
2026-04-01 01:57:00,成功,31,31,-2267801.7350527816,5009339.987871116,3220998.8309281613,2.0921960302566993,0.5429141763759012,0.572251720485422,67.48308504029553,2,
2026-04-01 01:57:30,成功,31,31,-2267799.276984601,5009340.638438672,3220999.8473321865,0.9765565351843489,0.5429152980397811,0.5722534021246627,71.56702207616688,2,
2026-04-01 01:58:00,成功,31,31,-2267800.334699312,5009340.636863682,3221000.362129533,0.8054543925029221,0.5429166152100495,0.5722552813668238,85.7237256120963,2,
2026-04-01 01:58:30,成功,31,31,-2267797.999813803,5009339.837332674,3220997.3384122015,3.3333549301914207,0.5429181215149241,0.5722573506556565,74.2625660869031,2,
2026-04-01 01:59:00,成功,31,31,-2267800.509269042,5009339.656376594,3221000.107583379,0.6237036041435141,0.5429198252375016,0.5722596209427603,73.38068398526518,2,
2026-04-01 01:59:30,成功,31,31,-2267800.0923716114,5009338.82944373,3220999.4606027473,1.2921624863398053,0.5429217143764784,0.5722620778263597,72.84156193495141,2,
2026-04-01 02:00:00,成功,31,31,-2267797.9646687936,5009339.8776838705,3220999.4293853943,2.1173415840337984,0.5429237914387702,0.5722647250026784,71.14699874823268,2,
