epoch,sat_id,raw_pseudorange_m,satellite_clock_correction_m,ionosphere_delay_m,troposphere_delay_m,corrected_pseudorange_m
2026-04-01 00:00:00,C01,37835859.00660233,-149745.3713944221,7.693342429908706,3.7155688783052927,37686102.226296596
2026-04-01 00:00:00,C02,37784843.48386364,-14041.568154135046,7.729079531643253,3.7328284328117323,37770790.45380154
2026-04-01 00:00:00,C03,36681658.40045602,235607.013002605,6.271864861031046,3.0290535094328357,36917256.11254025
2026-04-01 00:00:00,C04,39099038.378665194,-234163.43644364123,11.008320100115515,5.316567140882768,38864858.61733431
2026-04-01 00:00:00,C05,39622927.4521749,-172542.5383298799,13.974987195874442,6.7493456807332315,39450364.18951215
2026-04-01 00:00:00,C06,35919907.91932965,-29328.383275758235,5.088187510895703,2.4573858936745774,35890571.9904805
2026-04-01 00:00:00,C07,36279929.98193314,184664.84669737282,5.475263300200443,2.64432762535871,36464586.70903959
2026-04-01 00:00:00,C08,42897857.7490434,-161178.32130902563,57.36856622834928,27.706664718624786,42736594.35250343
2026-04-01 00:00:00,C09,36551760.09518874,-74270.16350689478,5.385927638426188,2.6011821645092352,36477481.94457204
2026-04-01 00:00:00,C10,37234539.49670812,-30104.20450642441,6.130055776675932,2.9605655374893995,37204426.201580375
2026-04-01 00:00:00,C11,26074902.085446898,-3670.195671020593,26.82683600241623,12.95626158098367,26071192.106678292
2026-04-01 00:00:00,C12,30487714.56394539,115417.72528213923,57.36856622834928,27.706664718624786,30603047.21399658
2026-04-01 00:00:00,C13,42397333.47396452,-117796.9090764666,57.36856622834928,27.706664718624786,42279451.489657104
2026-04-01 00:00:00,C14,31131848.081348907,-172846.26845512562,57.36856622834928,27.706664718624786,30958916.737662833
2026-04-01 00:00:00,C16,36239887.501003936,-244736.984589905,5.128804216461353,2.477002096711676,35995142.91060772
2026-04-01 00:00:00,C19,27106980.812696476,-286321.6361466778,57.36856622834928,27.706664718624786,26820574.101318847
2026-04-01 00:00:00,C20,25984187.84040653,-279465.8164766928,20.779297948675413,10.035548719498186,25704691.20908317
2026-04-01 00:00:00,C21,31014629.033754975,-258972.74462896792,57.36856622834928,27.706664718624786,30755571.213895056
2026-04-01 00:00:00,C22,28823223.946046926,134178.6539513009,57.36856622834928,27.706664718624786,28957317.52476728
2026-04-01 00:00:00,C23,22970976.35452176,-141700.97802512982,6.69499486306958,3.2334079472308535,22829265.448093817
2026-04-01 00:00:00,C24,31486286.91567014,-60522.78260546635,57.36856622834928,27.706664718624786,31425679.057833727
2026-04-01 00:00:00,C25,26220055.557477567,270880.65412853943,45.8539291756602,22.14556725445534,26490868.212109677
2026-04-01 00:00:00,C26,33919551.44224736,-185452.37092916775,57.36856622834928,27.706664718624786,33734013.996087246
2026-04-01 00:00:00,C27,23821463.172674477,184152.9681818127,9.482298674900958,4.57956137689761,24005602.078996237
2026-04-01 00:00:00,C28,21853170.287604574,150291.48088287257,5.5297163591087175,2.6706262196110018,22003453.56814487
2026-04-01 00:00:00,C29,32435630.009562753,175108.3311909599,57.36856622834928,27.706664718624786,32610653.265522763
2026-04-01 00:00:00,C30,28697220.187307373,125413.25221297458,57.36856622834928,27.706664718624786,28822548.3642894
2026-04-01 00:00:00,C32,26619583.166524813,-279263.74024070345,38.21806152564086,18.457756337710965,26340262.750466246
2026-04-01 00:00:00,C33,30583654.88176527,-276947.33016055543,57.36856622834928,27.706664718624786,30306622.476373766
2026-04-01 00:00:00,C34,28253728.913944125,274521.27378209995,57.36856622834928,27.706664718624786,28528165.112495277
2026-04-01 00:00:00,C35,34175311.66180954,-98366.4989573216,57.36856622834928,27.706664718624786,34076860.08762127
2026-04-01 00:00:00,C36,30334337.52925266,87636.87083765773,57.36856622834928,27.706664718624786,30421889.32485937
2026-04-01 00:00:00,C37,22554515.574326273,-286209.0472345264,5.839920668860933,2.8204421792842256,22268297.866728894
2026-04-01 00:00:00,C38,42371245.726782985,84429.2165272388,57.36856622834928,27.706664718624786,42455589.868079275
2026-04-01 00:00:00,C39,35969173.39677536,-6486.772247927845,5.2377207622903885,2.5296043215186224,35962678.85720234
2026-04-01 00:00:00,C40,36162455.932102345,-65937.41066262871,5.134119695277045,2.479569254984015,36096510.90775076
2026-04-01 00:00:00,C41,28653372.591907993,-281630.3200046099,57.36856622834928,27.706664718624786,28371657.196672436
2026-04-01 00:00:00,C42,31541814.468551416,-269082.1554721324,57.36856622834928,27.706664718624786,31272647.237848334
2026-04-01 00:00:00,C43,23662841.963947073,40537.36802266787,8.597355711799915,4.152170218538301,23703366.58244381
2026-04-01 00:00:00,C44,32339933.03537336,252572.47498907158,57.36856622834928,27.706664718624786,32592420.435131483
2026-04-01 00:00:00,C45,33582392.35420532,-231934.36454220428,57.36856622834928,27.706664718624786,33350372.914432164
2026-04-01 00:00:00,C46,25864919.42021024,-108904.85652007355,22.15702561456707,10.700934679476568,25755981.705729872
2026-04-01 00:00:00,C47,31363364.75106995,-174454.4713035672,57.36856622834928,27.706664718624786,31188825.204535436
2026-04-01 00:00:00,C48,25895533.817985773,198727.62983522945,28.648602703338845,13.836100184185073,26094218.963118117
2026-04-01 00:00:00,C49,22577999.478559673,-281108.62525655935,5.9095812157762175,2.8540853665623502,22296882.08963653
2026-04-01 00:00:00,C50,31292845.50114532,-114597.90438162656,57.36856622834928,27.706664718624786,31178162.521532744
2026-04-01 00:00:00,C59,37423288.93163644,-175.14042777004946,7.081682629473876,3.420162279767465,37423103.28936376
2026-04-01 00:00:00,C60,38013064.35323114,102.13157503807096,8.296390676860222,4.006816449683213,38013154.18159906
2026-04-01 00:05:00,C01,37836103.57281597,-149745.05745050666,7.694520950526014,3.716138055430581,37686347.10470646
2026-04-01 00:05:00,C02,37789761.28610226,-14043.115156561333,7.741326185598762,3.738743064418869,37775706.69087645
2026-04-01 00:05:00,C03,36682348.67900956,235606.17608730803,6.273838233696906,3.0300065674995174,36917945.55125206
2026-04-01 00:05:00,C04,39098961.621148326,-234161.3754960622,11.005537132212629,5.315223081519299,38864783.92489205
2026-04-01 00:05:00,C05,39626318.75588472,-172540.86353209434,14.004891039658622,6.763788010880171,39453757.12367358
2026-04-01 00:05:00,C06,35899415.28070141,-29330.167431813916,5.0739493419626935,2.4505094420082796,35870077.5888108
2026-04-01 00:05:00,C07,36262096.85428285,184667.04036516478,5.4548351996333055,2.634461690571371,36446755.80535112
2026-04-01 00:05:00,C08,42935724.614964984,-161177.101183545,57.36856622834928,27.706664718624786,42774462.43855049
2026-04-01 00:05:00,C09,36511443.46864761,-74267.16035642888,5.357379714116041,2.587394687859992,36437168.36351678
2026-04-01 00:05:00,C10,37214169.31598587,-30105.97349096497,6.096180885997813,2.944205354551188,37184054.30210867
2026-04-01 00:05:00,C11,26241174.878017332,-3668.8589367019044,31.388301716060724,15.159262448225093,26237459.471516468
2026-04-01 00:05:00,C12,30656011.503464244,115420.93417698641,57.36856622834928,27.706664718624786,30771347.36241028
2026-04-01 00:05:00,C13,42449831.73707225,-117798.66438463025,57.36856622834928,27.706664718624786,42331947.99745667
2026-04-01 00:05:00,C14,31084428.957592737,-172850.10307826038,57.36856622834928,27.706664718624786,30911493.779283527
2026-04-01 00:05:00,C16,36221082.96789878,-244736.36694102795,5.119857171900429,2.4726810411202673,35976339.00841954
2026-04-01 00:05:00,C19,27108022.95813918,-286321.2645993704,57.36856622834928,27.706664718624786,26821616.61830886
2026-04-01 00:05:00,C20,26080728.076227266,-279465.2102433837,22.271525792559924,10.756233569625635,25801229.83822452
2026-04-01 00:05:00,C21,30893223.589763865,-258972.44952820762,57.36856622834928,27.706664718624786,30634166.06500471
2026-04-01 00:05:00,C22,28731402.033065032,134178.8185040513,57.36856622834928,27.706664718624786,28865495.776338134
2026-04-01 00:05:00,C23,23033565.536541626,-141700.61625366844,6.803779697659276,3.2859465609108716,22891854.8305617
2026-04-01 00:05:00,C24,31597661.973117895,-60525.65022292582,57.36856622834928,27.706664718624786,31537051.24766402
2026-04-01 00:05:00,C25,26351189.269628484,270879.81100056646,56.8392371657814,27.451020489971484,26621984.790371396
2026-04-01 00:05:00,C26,33969250.014364846,-185452.85585106365,57.36856622834928,27.706664718624786,33783712.083282836
2026-04-01 00:05:00,C27,23647547.36589897,184153.40950557945,8.953105717647484,4.323982881529286,23831687.49831595
2026-04-01 00:05:00,C28,21786481.221190143,150291.8732591846,5.449260541223534,2.63176935918443,21936765.013419427
2026-04-01 00:05:00,C29,32340225.76689192,175108.80596594204,57.36856622834928,27.706664718624786,32515249.49762691
2026-04-01 00:05:00,C30,28518113.585086126,125413.98034252496,57.36856622834928,27.706664718624786,28643442.490197703
2026-04-01 00:05:00,C32,26760025.223472875,-279263.3634957767,46.31375710091094,22.3676452841288,26480693.178574715
2026-04-01 00:05:00,C33,30581906.989709616,-276947.0857398143,57.36856622834928,27.706664718624786,30304874.828738853
2026-04-01 00:05:00,C34,28434068.057967544,274521.9769743104,57.36856622834928,27.706664718624786,28708504.959710907
2026-04-01 00:05:00,C35,34207254.07219556,-98367.81756954921,57.36856622834928,27.706664718624786,34108801.179395065
2026-04-01 00:05:00,C36,30219740.63389384,87636.63634298035,57.36856622834928,27.706664718624786,30307292.19500587
2026-04-01 00:05:00,C37,22489801.08866525,-286209.8471693925,5.75428444226075,2.779083393904525,22203582.708128024
2026-04-01 00:05:00,C38,42376573.75530023,84429.35574111152,57.36856622834928,27.706664718624786,42460918.035810396
2026-04-01 00:05:00,C39,35967986.488400325,-6486.860772466801,5.240097171112085,2.5307520295194648,35961491.85677865
2026-04-01 00:05:00,C40,36146187.97656286,-65937.61182789753,5.119335045667966,2.4724288755631556,36080242.77297104
2026-04-01 00:05:00,C41,28740806.67064629,-281630.34679544537,57.36856622834928,27.706664718624786,28459091.248619895
2026-04-01 00:05:00,C42,31455072.354952294,-269082.0146480631,57.36856622834928,27.706664718624786,31185905.265073285
2026-04-01 00:05:00,C43,23783533.428951222,40537.41542948553,8.930904077577534,4.313260399897564,23824057.60021623
2026-04-01 00:05:00,C44,32466894.07585,252571.682187518,57.36856622834928,27.706664718624786,32719380.682806566
2026-04-01 00:05:00,C45,33536528.451490533,-231936.20310391957,57.36856622834928,27.706664718624786,33304507.173155665
2026-04-01 00:05:00,C46,25726597.14339756,-108905.25173810234,20.099880899339176,9.707418148565873,25617662.08436041
2026-04-01 00:05:00,C47,31226814.701777987,-174456.40318143804,57.36856622834928,27.706664718624786,31052273.2233656
2026-04-01 00:05:00,C48,25953374.100783516,198727.21050011885,30.309481160001944,14.638236363673755,26152056.36356611
2026-04-01 00:05:00,C49,22616169.206139505,-281108.0096275246,5.961330495998781,2.8790781465954023,22335052.35610334
2026-04-01 00:05:00,C50,31184385.575761527,-114597.18300376307,57.36856622834928,27.706664718624786,31069703.317526814
2026-04-01 00:05:00,C59,37422319.30749384,-175.1561385411343,7.080273908246769,3.4194819251885114,37422133.65159947
2026-04-01 00:05:00,C60,38015625.50974391,102.12951524715743,8.303088895956977,4.010051414803083,38015715.32611884
2026-04-01 00:10:00,C01,37836312.47693973,-149744.74363408264,7.695609624445002,3.7166638402853254,37686556.32103219
2026-04-01 00:10:00,C02,37794614.80760208,-14044.662576828647,7.7535230773262525,3.744633662910695,37780558.64686851
2026-04-01 00:10:00,C03,36682976.781584986,235605.3388675711,6.2757601625011405,3.0309347802908224,36918572.81375761
2026-04-01 00:10:00,C04,39098766.68811514,-234159.31427266626,11.002301655556652,5.313660478986141,38864591.05788034
2026-04-01 00:10:00,C05,39629699.460846975,-172539.18927451226,14.034931200550885,6.778296176599749,39457139.458345085
2026-04-01 00:10:00,C06,35880113.848730594,-29331.95393891187,5.060930604923775,2.444221925936124,35850774.389639154
2026-04-01 00:10:00,C07,36245783.10321252,184669.2343151991,5.436301516653396,2.6255106817857987,36430444.27571552
2026-04-01 00:10:00,C08,42969608.29623352,-161175.87976434146,57.36856622834928,27.706664718624786,42808347.34123823
2026-04-01 00:10:00,C09,36471532.39980073,-74264.1629743859,5.329686704119043,2.5740200997627003,36397260.33311954
2026-04-01 00:10:00,C10,37195237.3520993,-30107.740467463762,6.064819764569459,2.9290592190672213,37165120.61775284
2026-04-01 00:10:00,C11,26410920.407790795,-3667.5218904914254,37.93476170005037,18.320934140495204,26407196.630204465
2026-04-01 00:10:00,C12,30822032.35208085,115424.14261785115,57.36856622834928,27.706664718624786,30937371.419467755
2026-04-01 00:10:00,C13,42498738.4389858,-117800.41906664077,57.36856622834928,27.706664718624786,42380852.944688216
2026-04-01 00:10:00,C14,31031277.699285164,-172853.93831133717,57.36856622834928,27.706664718624786,30858338.685742877
2026-04-01 00:10:00,C16,36203666.681047395,-244735.75342161552,5.112319860229899,2.46904082869969,35958923.3462651
2026-04-01 00:10:00,C19,27117018.488194853,-286320.8927591309,57.36856622834928,27.706664718624786,26830612.520204775
2026-04-01 00:10:00,C20,26181642.417384658,-279464.6040770824,24.071722557395184,11.625654778311796,25902142.11593024
2026-04-01 00:10:00,C21,30773174.0224178,-258972.15348996766,57.36856622834928,27.706664718624786,30514116.793696884
2026-04-01 00:10:00,C22,28645931.72338371,134178.98389970942,57.36856622834928,27.706664718624786,28780025.63205247
2026-04-01 00:10:00,C23,23100189.31797181,-141700.2544735139,6.923129644763123,3.3435876906443496,22958478.796780962
2026-04-01 00:10:00,C24,31708670.576286893,-60528.517957726945,57.36856622834928,27.706664718624786,31648056.983098216
2026-04-01 00:10:00,C25,26484538.867038682,270878.9682830291,57.36856622834928,27.706664718624786,26755332.76009076
2026-04-01 00:10:00,C26,34016959.6389268,-185453.34165166446,57.36856622834928,27.706664718624786,33831421.222044185
2026-04-01 00:10:00,C27,23477642.352081932,184153.84998879096,8.486660907490993,4.098709167814577,23661783.61670065
2026-04-01 00:10:00,C28,21728652.52630261,150292.26567293107,5.381052866602445,2.598827849639963,21878936.812094823
2026-04-01 00:10:00,C29,32239537.204388283,175109.2807791809,57.36856622834928,27.706664718624786,32414561.409936514
2026-04-01 00:10:00,C30,28336775.857837442,125414.70776410973,57.36856622834928,27.706664718624786,28462105.490370605
2026-04-01 00:10:00,C32,26897539.214885835,-279262.9875953875,57.36856622834928,27.706664718624786,26618191.1520595
2026-04-01 00:10:00,C33,30573086.48512435,-276946.841842694,57.36856622834928,27.706664718624786,30296054.56805071
2026-04-01 00:10:00,C34,28614222.884628307,274522.68088057655,57.36856622834928,27.706664718624786,28888660.490277935
2026-04-01 00:10:00,C35,34233266.7935256,-98369.13575601522,57.36856622834928,27.706664718624786,34134812.582538635
2026-04-01 00:10:00,C36,30102260.4526992,87636.40250555215,57.36856622834928,27.706664718624786,30189811.7799738
2026-04-01 00:10:00,C37,22427854.350663744,-286210.64648216474,5.674398812482036,2.7405019109491215,22141635.289280854
2026-04-01 00:10:00,C38,42378103.74469501,84429.49554253774,57.36856622834928,27.706664718624786,42462448.1650066
2026-04-01 00:10:00,C39,35968690.75333104,-6486.950724552587,5.244365035620718,2.532813233045705,35962196.02542822
2026-04-01 00:10:00,C40,36132143.250683054,-65937.81358023509,5.106852528079104,2.4664003314942256,36066197.86384995
2026-04-01 00:10:00,C41,28821124.812537074,-281630.3746708901,57.36856622834928,27.706664718624786,28539409.362635236
2026-04-01 00:10:00,C42,31364781.15387337,-269081.8724855409,57.36856622834928,27.706664718624786,31095614.20615688
2026-04-01 00:10:00,C43,23910636.23782604,40537.46306018979,9.309134284161896,4.495930077898172,23951159.895821862
2026-04-01 00:10:00,C44,32589491.668035276,252570.89038659167,57.36856622834928,27.706664718624786,32841977.48319092
2026-04-01 00:10:00,C45,33487694.152113732,-231938.04217851596,57.36856622834928,27.706664718624786,33255671.034704268
2026-04-01 00:10:00,C46,25587281.307473544,-108905.64645364248,18.37207567808493,8.872959086545173,25478348.41598514
2026-04-01 00:10:00,C47,31085765.33393725,-174458.3353998767,57.36856622834928,27.706664718624786,30911221.923306424
2026-04-01 00:10:00,C48,26017405.858487997,198726.79101168909,32.38141894864325,15.638897342357334,26216084.629183397
2026-04-01 00:10:00,C49,22663420.632240754,-281107.3940992382,6.026662282805037,2.910630720269714,22382304.30084851
2026-04-01 00:10:00,C50,31074824.197225608,-114596.46134699156,57.36856622834928,27.706664718624786,30960142.660647668
2026-04-01 00:10:00,C59,37421338.53278623,-175.1719131213549,7.078876715933716,3.4188071386022276,37421152.86318924
2026-04-01 00:10:00,C60,38018109.904949114,102.12734809607915,8.309652863580947,4.01322154196745,38018199.709422804
2026-04-01 00:15:00,C01,37836518.068857014,-149744.4299348547,7.69660775299105,3.7171458954383403,37686762.22516851
2026-04-01 00:15:00,C02,37799430.461523004,-14046.210418454164,7.76566273242991,3.7504966184605686,37785372.7349452
2026-04-01 00:15:00,C03,36683576.29012063,235604.50134005235,6.277629547036746,3.031837616355298,36919171.48199352
2026-04-01 00:15:00,C04,39098484.0940914,-234157.2527708161,10.998615446445093,5.311880191162141,38864310.530824944
2026-04-01 00:15:00,C05,39633099.002662525,-172537.51555536105,14.065092376020718,6.792862787397307,39460540.629152
2026-04-01 00:15:00,C06,35862134.430515766,-29333.742797941115,5.04920261136445,2.4385577860293153,35832793.19995742
2026-04-01 00:15:00,C07,36230976.0905909,184671.4285057421,5.4195809570356674,2.617435337225292,36415639.48208035
2026-04-01 00:15:00,C08,42999511.067791626,-161174.6570417822,57.36856622834928,27.706664718624786,42838251.3355189
2026-04-01 00:15:00,C09,36432158.19402449,-74261.17142183233,5.302927215227372,2.5610963640742024,36357889.158579074
2026-04-01 00:15:00,C10,37177736.93741687,-30109.505520977615,6.0358614129446675,2.9150735228572358,37147618.48096096
2026-04-01 00:15:00,C11,26583761.232439436,-3666.1846156807123,48.08371211218039,23.222460966101675,26580023.74165068
2026-04-01 00:15:00,C12,30985531.17750767,115427.35056634397,57.36856622834928,27.706664718624786,31100873.452843063
2026-04-01 00:15:00,C13,42544037.76570757,-117802.173071414,57.36856622834928,27.706664718624786,42426150.517405204
2026-04-01 00:15:00,C14,30972668.410616264,-172857.7740921726,57.36856622834928,27.706664718624786,30799725.561293144
2026-04-01 00:15:00,C16,36187766.35930886,-244735.14404556,5.106269150578834,2.4661185840867685,35943023.64287557
2026-04-01 00:15:00,C19,27133840.37620835,-286320.5206765588,57.36856622834928,27.706664718624786,26847434.780300844
2026-04-01 00:15:00,C20,26286496.445658337,-279463.9980217562,26.26865701090533,12.686684019829103,26006993.492295552
2026-04-01 00:15:00,C21,30654920.502193473,-258971.85649506835,57.36856622834928,27.706664718624786,30395863.570467457
2026-04-01 00:15:00,C22,28567104.545299888,134179.15014947698,57.36856622834928,27.706664718624786,28701198.620218415
2026-04-01 00:15:00,C23,23170988.192743715,-141699.89269217823,7.05410260387065,3.4068422584987084,23029277.839106675
2026-04-01 00:15:00,C24,31819245.344985772,-60531.38584155678,57.36856622834928,27.706664718624786,31758628.883913267
2026-04-01 00:15:00,C25,26620124.697507527,270878.1259530942,57.36856622834928,27.706664718624786,26890917.74822967
2026-04-01 00:15:00,C26,34062581.96134267,-185453.82835796042,57.36856622834928,27.706664718624786,33877043.057753764
2026-04-01 00:15:00,C27,23312167.468102094,184154.28962764746,8.073649270100306,3.899241485172384,23496309.78483899
2026-04-01 00:15:00,C28,21679856.2552365,150292.65812826712,5.324516121712091,2.571522920513367,21830141.01732572
2026-04-01 00:15:00,C29,32133761.062511124,175109.75561631456,57.36856622834928,27.706664718624786,32308785.74289649
2026-04-01 00:15:00,C30,28153541.658077355,125415.43446682597,57.36856622834928,27.706664718624786,28278872.017313235
2026-04-01 00:15:00,C32,27031736.982742652,-279262.612549332,57.36856622834928,27.706664718624786,26752389.294962373
2026-04-01 00:15:00,C33,30557352.413545042,-276946.5984480002,57.36856622834928,27.706664718624786,30280320.739866093
2026-04-01 00:15:00,C34,28793896.576346666,274523.3855174799,57.36856622834928,27.706664718624786,29068334.8866332
2026-04-01 00:15:00,C35,34253381.44957327,-98370.45356026954,57.36856622834928,27.706664718624786,34154925.92078205
2026-04-01 00:15:00,C36,29981884.465364724,87636.16933539754,57.36856622834928,27.706664718624786,30069435.559469175
2026-04-01 00:15:00,C37,22368929.99953864,-286211.4451833809,5.60020397501632,2.7046688472930938,22082710.249482438
2026-04-01 00:15:00,C38,42375868.75192375,84429.63594890805,57.36856622834928,27.706664718624786,42460213.31264171
2026-04-01 00:15:00,C39,35971397.033459075,-6487.042088393177,5.250610415629135,2.535829495457508,35964902.20493077
2026-04-01 00:15:00,C40,36120300.08351005,-65938.01595368187,5.096586340233293,2.4614421837962324,36054354.50952784
2026-04-01 00:15:00,C41,28894236.978559986,-281630.4035554153,57.36856622834928,27.706664718624786,28612521.49977362
2026-04-01 00:15:00,C42,31271309.572936982,-269081.72893233196,57.36856622834928,27.706664718624786,31002142.7687737
2026-04-01 00:15:00,C43,24043811.21140463,40537.51094644598,9.73864392314114,4.703365618700216,24084334.280341532
2026-04-01 00:15:00,C44,32707606.971191715,252570.0995702894,57.36856622834928,27.706664718624786,32960091.995531056
2026-04-01 00:15:00,C45,33435811.82041596,-231939.8817519334,57.36856622834928,27.706664718624786,33203786.863433078
2026-04-01 00:15:00,C46,25447106.645959653,-108906.04063034002,16.901412950215473,8.162689303035723,25338175.54122706
2026-04-01 00:15:00,C47,30940475.634657517,-174460.26795786884,57.36856622834928,27.706664718624786,30765930.2914687
2026-04-01 00:15:00,C48,26087296.532080658,198726.37135366187,34.98228623710709,16.895009577274866,26285971.026138507
2026-04-01 00:15:00,C49,22719595.64154719,-281106.77865105117,6.106078286546195,2.9489853931090355,22438479.807832457
2026-04-01 00:15:00,C50,30964577.49808932,-114595.73939827966,57.36856622834928,27.706664718624786,30849896.683460094
2026-04-01 00:15:00,C59,37420377.63225068,-175.18775332695955,7.077491700106669,3.4181382327593095,37420191.94886742
2026-04-01 00:15:00,C60,38020543.659324504,102.12507263249698,8.316078400360574,4.016324812711252,38020633.45199393
2026-04-01 00:20:00,C01,37836702.6004107,-149744.11634247075,7.69751469007885,3.717583908856918,37686947.06896963
2026-04-01 00:20:00,C02,37804187.45808776,-14047.7586847543,7.777737626843213,3.7563282972529324,37790128.16533708
2026-04-01 00:20:00,C03,36684128.63380726,235603.6635015567,6.27944531375337,3.032714557212151,36919722.98514894
2026-04-01 00:20:00,C04,39098096.561668165,-234155.1909880081,10.994480653995716,5.309883255983039,38863925.06631624
2026-04-01 00:20:00,C05,39636496.63348716,-172535.8423726099,14.095358949238738,6.807480300984722,39463939.888275295
2026-04-01 00:20:00,C06,35845550.78248394,-29335.5340086644,5.038836154028378,2.4335512122797254,35816207.77608791
2026-04-01 00:20:00,C07,36217611.63315743,184673.62289495123,5.404594215920508,2.610197355895067,36402277.24126081
2026-04-01 00:20:00,C08,43025384.26091035,-161173.43300688898,57.36856622834928,27.706664718624786,42864125.75267251
2026-04-01 00:20:00,C09,36393407.612966284,-74258.18575725653,5.277178182038965,2.5486606370500997,36319141.60137021
2026-04-01 00:20:00,C10,37161613.54822266,-30111.26873737849,6.009198702674834,2.902196527274051,37131493.368090056
2026-04-01 00:20:00,C11,26759262.016292855,-3664.847195930623,57.36856622834928,27.706664718624786,26755512.093865976
2026-04-01 00:20:00,C12,31146226.256980103,115430.55798494242,57.36856622834928,27.706664718624786,31261571.739734095
2026-04-01 00:20:00,C13,42585667.96738481,-117803.92634821718,57.36856622834928,27.706664718624786,42467778.96580564
2026-04-01 00:20:00,C14,30908831.574106492,-172861.61035765978,57.36856622834928,27.706664718624786,30735884.888517883
2026-04-01 00:20:00,C16,36173458.74873412,-244734.53882480046,5.101781988277478,2.4639514687203703,35928716.64417586
2026-04-01 00:20:00,C19,27158285.14456035,-286320.1484026483,57.36856622834928,27.706664718624786,26871879.92092675
2026-04-01 00:20:00,C20,26394799.88027441,-279463.3921211911,28.99026437346899,14.001108758808009,26115293.496780086
2026-04-01 00:20:00,C21,30538846.623682424,-258971.5585259164,57.36856622834928,27.706664718624786,30279789.98992556
2026-04-01 00:20:00,C22,28495132.08053236,134179.31726314215,57.36856622834928,27.706664718624786,28629226.322564553
2026-04-01 00:20:00,C23,23246039.894677993,-141699.53091717543,7.197896151803472,3.4762886449643937,23104329.68957602
2026-04-01 00:20:00,C24,31929265.992438007,-60534.25390585834,57.36856622834928,27.706664718624786,31868646.6633012
2026-04-01 00:20:00,C25,26757896.333945435,270877.28398729255,57.36856622834928,27.706664718624786,27028688.542701777
2026-04-01 00:20:00,C26,34105966.86991179,-185454.31599545688,57.36856622834928,27.706664718624786,33920427.47868539
2026-04-01 00:20:00,C27,23151478.266538005,184154.72841974196,7.706556220819906,3.7219505973983127,23335621.56645093
2026-04-01 00:20:00,C28,21640176.687553223,150293.0506292791,5.279167525756653,2.549621408479817,21790461.90939357
2026-04-01 00:20:00,C29,32023054.816640403,175110.2304629418,57.36856622834928,27.706664718624786,32198079.971872397
2026-04-01 00:20:00,C30,27968695.185756873,125416.16044095423,57.36856622834928,27.706664718624786,28094026.27096688
2026-04-01 00:20:00,C32,27162234.968995403,-279262.2383659998,57.36856622834928,27.706664718624786,26882887.655398455
2026-04-01 00:20:00,C33,30534828.879844993,-276946.355533705,57.36856622834928,27.706664718624786,30257797.44908034
2026-04-01 00:20:00,C34,28972748.258692928,274524.09090039117,57.36856622834928,27.706664718624786,29247187.27436237
2026-04-01 00:20:00,C35,34267593.48761371,-98371.77102648588,57.36856622834928,27.706664718624786,34169136.641356274
2026-04-01 00:20:00,C36,29858561.4629149,87635.93684143694,57.36856622834928,27.706664718624786,29946112.324525386
2026-04-01 00:20:00,C37,22313243.92090775,-286212.2432845852,5.531658469364324,2.671564179215648,22027023.474400513
2026-04-01 00:20:00,C38,42369847.015990466,84429.77697731701,57.36856622834928,27.706664718624786,42454191.71773683
2026-04-01 00:20:00,C39,35976164.43181823,-6487.134847506134,5.258921021549959,2.539843177287038,35969669.498206526
2026-04-01 00:20:00,C40,36110574.347033456,-65938.21898199462,5.088453374028133,2.457514294664101,36044628.58208379
2026-04-01 00:20:00,C41,28960030.507870845,-281630.4333717942,57.36856622834928,27.706664718624786,28678314.999268103
2026-04-01 00:20:00,C42,31174986.394596297,-269081.5839385277,57.36856622834928,27.706664718624786,30905819.73542682
2026-04-01 00:20:00,C43,24182651.07023424,40537.559119494246,10.227585210362848,4.93950420822366,24223173.46226431
2026-04-01 00:20:00,C44,32821081.482051242,252569.30972098972,57.36856622834928,27.706664718624786,33073565.716541283
2026-04-01 00:20:00,C45,33380754.394824855,-231941.72180928558,57.36856622834928,27.706664718624786,33148727.59778462
2026-04-01 00:20:00,C46,25306168.333800748,-108906.43423273848,15.635452228362393,7.551282193300453,25197238.712833587
2026-04-01 00:20:00,C47,30791156.36872591,-174462.20085383943,57.36856622834928,27.706664718624786,30616609.092641123
2026-04-01 00:20:00,C48,26162646.455463313,198725.95151003762,38.28642389421125,18.490772558088715,26361315.6297769
2026-04-01 00:20:00,C49,22784455.62305343,-281106.1632621812,6.200205956623043,2.994445197441322,22503340.265140098
2026-04-01 00:20:00,C50,30854017.879837256,-114595.01714507838,57.36856622834928,27.706664718624786,30739337.78746123
2026-04-01 00:20:00,C59,37419417.83211628,-175.20366094286646,7.076119500953893,3.4174755168444335,37419232.13486033
2026-04-01 00:20:00,C60,38022910.126665525,102.12268795584582,8.322361401413927,4.019359244544864,38022999.907632835
2026-04-01 00:25:00,C01,37836863.44809427,-149743.8028465267,7.698329842888205,3.717977594233215,37687108.22894031
2026-04-01 00:25:00,C02,37808881.93261752,-14049.307378843097,7.789740193320137,3.7621250446183008,37794821.073373444
2026-04-01 00:25:00,C03,36684630.59500093,235602.82534903722,6.281206416839179,3.033565097777157,36920224.10557846
2026-04-01 00:25:00,C04,39097604.70430474,-234153.1289218736,10.989899798063322,5.307670890435363,38863435.277812175
2026-04-01 00:25:00,C05,39639889.63623176,-172534.16972397055,14.125714995459743,6.822141026363158,39467334.51865176
2026-04-01 00:25:00,C06,35830457.8591619,-29337.32756971661,5.029901663649047,2.42923621984316,35801113.0724543
2026-04-01 00:25:00,C07,36205637.74976094,184675.8174408944,5.391263764459519,2.6037592945409207,36390305.57217877
2026-04-01 00:25:00,C08,43047203.47828574,-161172.20765134224,57.36856622834928,27.706664718624786,42885946.19540345
2026-04-01 00:25:00,C09,36355384.2926225,-74255.2060365327,5.25251493171879,2.536749298621792,36281121.297321744
2026-04-01 00:25:00,C10,37146823.62692594,-30113.030203316102,5.984728012268852,2.8903781873871326,37116701.721616425
2026-04-01 00:25:00,C11,26937006.48059287,-3663.509715136145,57.36856622834928,27.706664718624786,26933257.895646784
2026-04-01 00:25:00,C12,31303863.782521717,115433.76483705266,57.36856622834928,27.706664718624786,31419212.47212782
2026-04-01 00:25:00,C13,42623590.90092431,-117805.67884669473,57.36856622834928,27.706664718624786,42505700.14684667
2026-04-01 00:25:00,C14,30840036.33591683,-172865.44704387413,57.36856622834928,27.706664718624786,30667085.813642006
2026-04-01 00:25:00,C16,36160835.18220339,-244733.93776931218,5.098935606678543,2.4625767831423993,35916093.68292169
2026-04-01 00:25:00,C19,27190137.6697228,-286319.7759887056,57.36856622834928,27.706664718624786,26903732.818503145
2026-04-01 00:25:00,C20,26506070.292086385,-279462.78641892073,32.4276345577535,15.661217586187165,26226559.41681532
2026-04-01 00:25:00,C21,30425357.86443143,-258971.25956653364,57.36856622834928,27.706664718624786,30166301.529633947
2026-04-01 00:25:00,C22,28430219.80542976,134179.48524906373,57.36856622834928,27.706664718624786,28564314.215447877
2026-04-01 00:25:00,C23,23325433.07353707,-141699.16915600907,7.355872198393704,3.5525845966363816,23183722.995924268
2026-04-01 00:25:00,C24,32038618.71695674,-60537.12218177916,57.36856622834928,27.706664718624786,31977996.51954401
2026-04-01 00:25:00,C25,26897795.9547523,270876.4423615578,57.36856622834928,27.706664718624786,27168587.321882907
2026-04-01 00:25:00,C26,34146981.78010041,-185454.80458813187,57.36856622834928,27.706664718624786,33961441.90028133
2026-04-01 00:25:00,C27,22995939.206375092,184155.1663640644,7.37925660760767,3.5638783072575535,23180083.42960424
2026-04-01 00:25:00,C28,21609679.29286672,150293.44317997788,5.244609614293517,2.532931354514134,21759964.95850573
2026-04-01 00:25:00,C29,31907599.776084743,175110.70530464593,57.36856622834928,27.706664718624786,32082625.40615844
2026-04-01 00:25:00,C30,27782544.697805695,125416.88567797485,57.36856622834928,27.706664718624786,27907876.50825272
2026-04-01 00:25:00,C32,27288669.941183828,-279261.8650523588,57.36856622834928,27.706664718624786,27009323.000900522
2026-04-01 00:25:00,C33,30505675.261634756,-276946.11307698285,57.36856622834928,27.706664718624786,30228644.073326826
2026-04-01 00:25:00,C34,29150469.511933804,274524.7970434449,57.36856622834928,27.706664718624786,29424909.2337463
2026-04-01 00:25:00,C35,34275923.17160433,-98373.08819938963,57.36856622834928,27.706664718624786,34177465.00817399
2026-04-01 00:25:00,C36,29732262.35387626,87635.70503147229,57.36856622834928,27.706664718624786,29819812.983676784
2026-04-01 00:25:00,C37,22261036.995155577,-286213.0407983092,5.468738520199046,2.6411764242089038,21974815.844442323
2026-04-01 00:25:00,C38,42360049.3766559,84429.91864455487,57.36856622834928,27.706664718624786,42444394.220069505
2026-04-01 00:25:00,C39,35983060.13841972,-6487.22898472607,5.269386549918882,2.544897598282445,35976565.095150836
2026-04-01 00:25:00,C40,36102904.19995236,-65938.42269863078,5.082372857787943,2.4545776546910445,36036958.24030321
2026-04-01 00:25:00,C41,29018419.232108798,-281630.4640412315,57.36856622834928,27.706664718624786,28736703.692836616
2026-04-01 00:25:00,C42,31076168.302279733,-269081.43745662685,57.36856622834928,27.706664718624786,30807001.789592158
2026-04-01 00:25:00,C43,24326768.809753396,40537.60761009767,10.786129603079589,5.209258243175004,24367290.42197565
2026-04-01 00:25:00,C44,32929789.231669076,252568.52081948248,57.36856622834928,27.706664718624786,33182272.67725761
2026-04-01 00:25:00,C45,33322414.097346496,-231943.56233488428,57.36856622834928,27.706664718624786,33090385.459780663
2026-04-01 00:25:00,C46,25164597.59795597,-108906.82722633767,14.535184746475752,7.019898123144375,25055669.215646762
2026-04-01 00:25:00,C47,30638048.181975037,-174464.13408565536,57.36856622834928,27.706664718624786,30463498.972658433
2026-04-01 00:25:00,C48,26243049.855675355,198725.53146512192,42.561448059873435,20.55543390504581,26441712.27025851
2026-04-01 00:25:00,C49,22857754.022949733,-281105.5479117478,6.3098119458971365,3.047380395157137,22576639.117845643
2026-04-01 00:25:00,C50,30743536.05710561,-114594.29457534294,57.36856622834928,27.706664718624786,30628856.687299315
2026-04-01 00:25:00,C59,37418460.028284125,-175.2196377218102,7.074760751017083,3.4168192963492965,37418274.31706636
2026-04-01 00:25:00,C60,38025203.63929569,102.12019321776859,8.328497840588204,4.022322893001603,38025293.408668175
2026-04-01 00:30:00,C01,37837020.37897892,-149743.48943657172,7.6990526724937345,3.7183266912883757,37687265.47216299
2026-04-01 00:30:00,C02,37813531.39035215,-14050.85650363065,7.801662828162153,3.767883188282123,37799468.96430251
2026-04-01 00:30:00,C03,36685101.84700894,235601.98687959666,6.282911839086341,3.0343887467806505,36920694.51658796
2026-04-01 00:30:00,C04,39097025.619440295,-234151.06657017986,10.984875766558192,5.30524448926134,38862858.26274986
2026-04-01 00:30:00,C05,39643295.7063437,-172532.49760689822,14.156144289101569,6.836837127241866,39470742.21575539
2026-04-01 00:30:00,C06,35816966.336081706,-29339.123478603757,5.022469382210915,2.4256467327173863,35787619.76448699
2026-04-01 00:30:00,C07,36195022.06951759,184678.01210156863,5.379513652296524,2.5980844722556555,36379692.104021035
2026-04-01 00:30:00,C08,43064966.99831617,-161170.98096748436,57.36856622834928,27.706664718624786,42903710.942117736
2026-04-01 00:30:00,C09,36318209.81557781,-74252.23231288586,5.229011271155631,2.525397994489635,36243949.828855656
2026-04-01 00:30:00,C10,37133342.667742446,-30114.79000618034,5.962348889627666,2.8795699889523263,37103219.03581738
2026-04-01 00:30:00,C11,27116627.870923907,-3662.1722572908743,57.36856622834928,27.706664718624786,27112880.62343567
2026-04-01 00:30:00,C12,31458227.925593242,115436.9710870694,57.36856622834928,27.706664718624786,31573579.82144936
2026-04-01 00:30:00,C13,42657788.51036646,-117807.43051689376,57.36856622834928,27.706664718624786,42539896.00461862
2026-04-01 00:30:00,C14,30766590.931177426,-172869.28408618036,57.36856622834928,27.706664718624786,30593636.5718603
2026-04-01 00:30:00,C16,36150006.8421967,-244733.34088709656,5.097807757174288,2.462032078086619,35905265.941469766
2026-04-01 00:30:00,C19,27229171.38507718,-286319.40348626475,57.36856622834928,27.706664718624786,26942766.906359967
2026-04-01 00:30:00,C20,26619848.62610331,-279462.18095815484,36.8791352672827,17.811109866268204,26340331.754900023
2026-04-01 00:30:00,C21,30314867.592532735,-258970.95960258265,57.36856622834928,27.706664718624786,30055811.557699203
2026-04-01 00:30:00,C22,28372568.081972692,134179.65411415813,57.36856622834928,27.706664718624786,28506662.6608559
2026-04-01 00:30:00,C23,23409266.5901192,-141698.8074161599,7.529587155865187,3.636481796788024,23267556.61663409
2026-04-01 00:30:00,C24,32147202.162800662,-60539.990700120215,57.36856622834928,27.706664718624786,32086577.09686959
2026-04-01 00:30:00,C25,27039789.926423203,270875.60105126555,57.36856622834928,27.706664718624786,27310580.45224352
2026-04-01 00:30:00,C26,34185502.24498856,-185455.29415839614,57.36856622834928,27.706664718624786,33999961.87559921
2026-04-01 00:30:00,C27,22845919.765259936,184155.60346100418,7.086711501411978,3.422591018672099,23030064.859418422
2026-04-01 00:30:00,C28,21588415.810910888,150293.8357842923,5.220522872085191,2.5212984458604004,21738701.904873863
2026-04-01 00:30:00,C29,31787608.185312714,175111.1801270182,57.36856622834928,27.706664718624786,31962634.290208783
2026-04-01 00:30:00,C30,27595420.961569246,125417.61017058238,57.36856622834928,27.706664718624786,27720753.49650888
2026-04-01 00:30:00,C32,27410709.605219144,-279261.49261394393,57.36856622834928,27.706664718624786,27131363.03737425
2026-04-01 00:30:00,C33,30470091.468496807,-276945.87105424854,57.36856622834928,27.706664718624786,30193060.52221161
2026-04-01 00:30:00,C34,29326784.299164485,274525.5039595165,57.36856622834928,27.706664718624786,29601224.727893054
2026-04-01 00:30:00,C35,34278426.57746706,-98374.4051241849,57.36856622834928,27.706664718624786,34179967.097111925
2026-04-01 00:30:00,C36,29602994.15716472,87635.47391217445,57.36856622834928,27.706664718624786,29690544.555845946
2026-04-01 00:30:00,C37,22212567.50465517,-286213.8377380509,5.411437626915058,2.613502442747038,21926345.64197705
2026-04-01 00:30:00,C38,42346502.000593975,84430.06096709943,57.36856622834928,27.706664718624786,42430846.98633013
2026-04-01 00:30:00,C39,35992170.37129727,-6487.324482212465,5.28209904202387,2.5510372106110695,35985675.213678814
2026-04-01 00:30:00,C40,36097236.14795631,-65938.62713673298,5.078266019300197,2.452594220128978,36031289.989959344
2026-04-01 00:30:00,C41,29069358.82093535,-281630.4954834954,57.36856622834928,27.706664718624786,28787643.250220906
2026-04-01 00:30:00,C42,30975246.25379879,-269081.2894416134,57.36856622834928,27.706664718624786,30706079.88912623
2026-04-01 00:30:00,C43,24475786.746129923,40537.65644849109,11.427111993806834,5.518826450261314,24516307.456639968
2026-04-01 00:30:00,C44,33033638.07706631,252567.73284500113,57.36856622834928,27.706664718624786,33286120.734680362
2026-04-01 00:30:00,C45,33260705.718330305,-231945.4033122653,57.36856622834928,27.706664718624786,33028675.23978709
2026-04-01 00:30:00,C46,25022559.43220541,-108907.21957765099,13.57099249914394,6.554232810631849,24913632.087402448
2026-04-01 00:30:00,C47,30481413.631920245,-174466.06765062874,57.36856622834928,27.706664718624786,30306862.48903867
2026-04-01 00:30:00,C48,26328114.581182603,198725.11120355123,48.23854265260104,23.29723776729561,26526768.15660573
2026-04-01 00:30:00,C49,22939235.403609734,-281104.93257880665,6.435819076333173,3.1082366714191374,22658120.926975183
2026-04-01 00:30:00,C50,30633553.488503978,-114593.57167755258,57.36856622834928,27.706664718624786,30518874.841595475
2026-04-01 00:30:00,C59,37417523.22627783,-175.23568538350338,7.073416074934703,3.41616987294866,37417337.50100649
2026-04-01 00:30:00,C60,38027444.762994796,102.11758762252546,8.33448377465265,4.025213853662729,38027534.5208848
2026-04-01 00:35:00,C01,37837112.38683445,-149743.15350662434,7.699682371147973,3.718630809913501,37687357.815014645
2026-04-01 00:35:00,C02,37818072.397870444,-14052.30452649712,7.813498018250909,3.773599099716359,37804008.50624682
2026-04-01 00:35:00,C03,36685479.985926695,235601.21479339,6.284560572510274,3.0351850174074158,36921071.880974494
2026-04-01 00:35:00,C04,39096295.919072606,-234148.84914891428,10.979411386501726,5.302605417796368,38862130.787906885
2026-04-01 00:35:00,C05,39646649.44202579,-172530.82249444482,14.186630904811365,6.85156091232854,39474097.58133952
2026-04-01 00:35:00,C06,35805106.99331472,-29340.769100037283,5.01660955041703,2.4228166742812993,35775758.78478846
2026-04-01 00:35:00,C07,36185652.19332747,184680.39409567314,5.369269317721627,2.593136878791278,36370324.62501695
2026-04-01 00:35:00,C08,43078600.606678136,-161169.75240046903,57.36856622834928,27.706664718624786,42917345.77904672
2026-04-01 00:35:00,C09,36281931.53871356,-74249.37212774895,5.206739579370663,2.514641680752484,36207674.44520455
2026-04-01 00:35:00,C10,37121066.02967278,-30116.767934301373,5.941963743900873,2.869724799591232,37090940.45004993
2026-04-01 00:35:00,C11,27297673.951540235,-3660.844697553369,57.36856622834928,27.706664718624786,27293928.031611733
2026-04-01 00:35:00,C12,31609038.50479205,115440.16922653478,57.36856622834928,27.706664718624786,31724393.598787636
2026-04-01 00:35:00,C13,42688173.41767445,-117809.17416837734,57.36856622834928,27.706664718624786,42570279.168275125
2026-04-01 00:35:00,C14,30688729.157453764,-172873.09435685817,57.36856622834928,27.706664718624786,30515770.98786596
2026-04-01 00:35:00,C16,36140999.84961911,-244732.71439952424,5.0984769603610784,2.462355275780827,35896259.57438735
2026-04-01 00:35:00,C19,27275051.51084421,-286318.9800682852,57.36856622834928,27.706664718624786,26988647.455544975
2026-04-01 00:35:00,C20,26735588.38297539,-279461.7109459731,42.83758285359366,20.688795685716773,26456063.14565088
2026-04-01 00:35:00,C21,30207709.12463662,-258970.74305044446,57.36856622834928,27.706664718624786,29948653.306355227
2026-04-01 00:35:00,C22,28322269.912954412,134179.78537697758,57.36856622834928,27.706664718624786,28456364.62310044
2026-04-01 00:35:00,C23,23497545.060238916,-141698.41075836288,7.720829156295788,3.7288438398789903,23355835.19980756
2026-04-01 00:35:00,C24,32254830.626353037,-60543.14900701957,57.36856622834928,27.706664718624786,32194202.40211507
2026-04-01 00:35:00,C25,27183742.868891433,270874.74575934414,57.36856622834928,27.706664718624786,27454532.53941983
2026-04-01 00:35:00,C26,34221330.33404054,-185455.8243269032,57.36856622834928,27.706664718624786,34035789.434482686
2026-04-01 00:35:00,C27,22701691.956322443,184156.08163419607,6.824741143713663,3.2960700796952653,22885837.917145416
2026-04-01 00:35:00,C28,21576324.159576967,150294.09196329987,5.206659870392886,2.5146031845852006,21726610.530277207
2026-04-01 00:35:00,C29,31663215.053523134,175111.52564660725,57.36856622834928,27.706664718624786,31838241.503938794
2026-04-01 00:35:00,C30,27407575.55073759,125418.27965071217,57.36856622834928,27.706664718624786,27532908.75515735
2026-04-01 00:35:00,C32,27527955.796065487,-279261.0372495025,57.36856622834928,27.706664718624786,27248609.683585037
2026-04-01 00:35:00,C33,30428209.495421045,-276945.786519132,57.36856622834928,27.706664718624786,30151178.633670963
2026-04-01 00:35:00,C34,29501349.5845761,274526.22877168254,57.36856622834928,27.706664718624786,29775790.738116834
2026-04-01 00:35:00,C35,34275089.79823883,-98375.62385976745,57.36856622834928,27.706664718624786,34176629.09914811
2026-04-01 00:35:00,C36,29470686.578170396,87635.1921000588,57.36856622834928,27.706664718624786,29558236.695039507
2026-04-01 00:35:00,C37,22168026.58445951,-286214.60395648365,5.3597663770128365,2.5885473481585723,21881804.032189302
2026-04-01 00:35:00,C38,42329159.24184572,84430.43693059763,57.36856622834928,27.706664718624786,42413504.60354537
2026-04-01 00:35:00,C39,36003503.644618146,-6487.439654290945,5.297153289090364,2.55830779454727,35997008.34950277
2026-04-01 00:35:00,C40,36093442.93155162,-65938.9864058944,5.076055767329877,2.4515267590730123,36027496.4175632
2026-04-01 00:35:00,C41,29112747.07566661,-281630.7477352284,57.36856622834928,27.706664718624786,28831031.252700433
2026-04-01 00:35:00,C42,30872532.513493214,-269081.22600502113,57.36856622834928,27.706664718624786,30603366.212257244
2026-04-01 00:35:00,C43,24629242.86009954,40537.857447926726,12.16694051145778,5.876133282826053,24669762.674473673
2026-04-01 00:35:00,C44,33132465.54790862,252566.8450077154,57.36856622834928,27.706664718624786,33384947.317685384
2026-04-01 00:35:00,C45,33195469.535039168,-231947.26415423775,57.36856622834928,27.706664718624786,32963437.195653982
2026-04-01 00:35:00,C46,24880149.40738329,-108907.28534246988,12.7199837518813,6.143230486830156,24771223.25882658
2026-04-01 00:35:00,C47,30321444.137886975,-174467.9979879935,57.36856622834928,27.706664718624786,30146891.064668033
2026-04-01 00:35:00,C48,26417353.920316067,198724.61988890363,56.05802270844999,27.07372594583962,26615995.408456318
2026-04-01 00:35:00,C49,23028539.62666362,-281104.1151772243,6.579327470690352,3.177545340402356,22747425.754613586
2026-04-01 00:35:00,C50,30524410.21446711,-114592.99033254811,57.36856622834928,27.706664718624786,30409732.148903612
2026-04-01 00:35:00,C59,37416545.77918604,-175.06296370448695,7.0720860934032235,3.4155275464134633,37416360.2286087
2026-04-01 00:35:00,C60,38029569.0890735,102.37802480355525,8.340315354636834,4.028030267633379,38029659.09875268
2026-04-01 00:40:00,C01,37837251.105538785,-149742.83968656673,7.7002191574851935,3.7188900556999775,37687496.84674301
2026-04-01 00:40:00,C02,37822611.69598823,-14053.849901268579,7.825237867322544,3.7792689653494014,37808546.24158013
2026-04-01 00:40:00,C03,36685879.25433485,235600.37821547498,6.286151698958964,3.0359534662276864,36921470.31044516
2026-04-01 00:40:00,C04,39095531.64969694,-234146.77969936875,10.973511117579921,5.299755829885883,38861368.59673063
2026-04-01 00:40:00,C05,39650065.12704747,-172529.1521038717,14.21715687562924,6.866303704318406,39477514.891483024
2026-04-01 00:40:00,C06,35795079.88181905,-29342.556347229704,5.012392620151484,2.420780069905582,35765729.89229913
2026-04-01 00:40:00,C07,36177581.56798665,184682.60071435178,5.360457451511421,2.5888811087994026,36362256.219362445
2026-04-01 00:40:00,C08,43088208.823185295,-161168.52306878276,57.36856622834928,27.706664718624786,42926955.22488556
2026-04-01 00:40:00,C09,36246764.356534086,-74246.41561923541,5.185770998349473,2.5045147160717396,36172510.25062914
2026-04-01 00:40:00,C10,37110055.29898563,-30118.53652844093,5.923477537729982,2.860796720157322,37079927.978182934
2026-04-01 00:40:00,C11,27479877.5864077,-3659.507545125527,57.36856622834928,27.706664718624786,27476133.003631625
2026-04-01 00:40:00,C12,31756197.602518078,115443.37410185729,57.36856622834928,27.706664718624786,31871555.901388988
2026-04-01 00:40:00,C13,42714829.31198751,-117810.92408735357,57.36856622834928,27.706664718624786,42596933.31266921
2026-04-01 00:40:00,C14,30606878.174449123,-172876.93192156038,57.36856622834928,27.706664718624786,30433916.167296614
2026-04-01 00:40:00,C16,36134013.71139383,-244732.12478428206,5.10102276186565,2.463584793500454,35889274.02200199
2026-04-01 00:40:00,C19,27327596.23445421,-286318.6057081738,57.36856622834928,27.706664718624786,27041192.553515088
2026-04-01 00:40:00,C20,26852920.13427051,-279461.1086395258,51.1789598756102,24.717338695154,26573383.129332412
2026-04-01 00:40:00,C21,30104375.68899684,-258970.44369092336,57.36856622834928,27.706664718624786,29845320.17007497
2026-04-01 00:40:00,C22,28279562.034694303,134179.95522195144,57.36856622834928,27.706664718624786,28413656.914685305
2026-04-01 00:40:00,C23,23590439.365538534,-141698.0478953889,7.931663783170558,3.8306683180199306,23448729.555311043
2026-04-01 00:40:00,C24,32361480.48224569,-60546.02551677277,57.36856622834928,27.706664718624786,32300849.381497968
2026-04-01 00:40:00,C25,27329686.396908626,270873.9044870552,57.36856622834928,27.706664718624786,27600475.226164732
2026-04-01 00:40:00,C26,34254436.41263528,-185456.31743057043,57.36856622834928,27.706664718624786,34068895.01997376
2026-04-01 00:40:00,C27,22563688.026837394,184156.51788497393,6.589852760429552,3.1826286236887054,22747834.77224098
2026-04-01 00:40:00,C28,21573479.822837543,150294.47853460978,5.202840741207654,2.512758701816864,21723766.585772708
2026-04-01 00:40:00,C29,31534739.591910433,175111.99647907325,57.36856622834928,27.706664718624786,31709766.513158556
2026-04-01 00:40:00,C30,27219437.033728004,125419.00057142947,57.36856622834928,27.706664718624786,27344770.959068485
2026-04-01 00:40:00,C32,27640211.919079475,-279260.6639386376,57.36856622834928,27.706664718624786,27360866.17990989
2026-04-01 00:40:00,C33,30380356.810507163,-276945.5506965973,57.36856622834928,27.706664718624786,30103326.18457962
2026-04-01 00:40:00,C34,29674007.095316596,274526.9374073618,57.36856622834928,27.706664718624786,29948448.95749301
2026-04-01 00:40:00,C35,34266080.570239976,-98376.93676227075,57.36856622834928,27.706664718624786,34167618.558246754
2026-04-01 00:40:00,C36,29335457.44067898,87634.96081430875,57.36856622834928,27.706664718624786,29423007.32626234
2026-04-01 00:40:00,C37,22127773.296642162,-286215.3986964105,5.3137525592200765,2.566324561259326,21841550.01786863
2026-04-01 00:40:00,C38,42308155.76312934,84430.58621131504,57.36856622834928,27.706664718624786,42392501.27410971
2026-04-01 00:40:00,C39,36017230.93737533,-6487.5381307595335,5.314647155391943,2.5667566145216267,36010735.5178408
2026-04-01 00:40:00,C40,36091558.154077165,-65939.19593812135,5.075666396333488,2.451338708850436,36025611.43113394
2026-04-01 00:40:00,C41,29148667.966993965,-281630.785999457,57.36856622834928,27.706664718624786,28866952.10576356
2026-04-01 00:40:00,C42,30768531.347201563,-269081.0768675235,57.36856622834928,27.706664718624786,30499365.19510309
2026-04-01 00:40:00,C43,24786851.645723913,40537.91188744751,13.026910317086378,6.291463430312259,24827370.239237614
2026-04-01 00:40:00,C44,33226303.178095423,252566.05499036663,57.36856622834928,27.706664718624786,33478784.15785484
2026-04-01 00:40:00,C45,33126724.35785922,-231949.10623856887,57.36856622834928,27.706664718624786,32894690.1763897
2026-04-01 00:40:00,C46,24737660.524128858,-108907.66362201553,11.964186914698224,5.778211610815777,24628735.118108317
2026-04-01 00:40:00,C47,30158510.717176817,-174469.93186628,57.36856622834928,27.706664718624786,29983955.710079588
2026-04-01 00:40:00,C48,26510427.120108813,198724.19675964725,57.36856622834928,27.706664718624786,26709066.241637513
2026-04-01 00:40:00,C49,23125462.08793153,-281103.49092449166,6.741641071322859,3.2559361527872634,22844348.599429812
2026-04-01 00:40:00,C50,30416620.17986624,-114592.27218794975,57.36856622834928,27.706664718624786,30301942.832447343
2026-04-01 00:40:00,C59,37415643.56347149,-175.06992638964107,7.070771406245159,3.4148926064333813,37415458.00788109
2026-04-01 00:40:00,C60,38031688.57528754,102.3883799430667,8.345988802013153,4.030770310039681,38031778.58690838
2026-04-01 00:45:00,C01,37837331.78852306,-149742.52592093876,7.700662332510297,3.71910409106184,37687577.8428357
2026-04-01 00:45:00,C02,37827044.53285536,-14055.395714323491,7.836874825910911,3.7848891390987167,37812977.515377074
2026-04-01 00:45:00,C03,36686192.79425963,235599.54131240255,6.287684273073011,3.036693636671642,36921783.01119412
2026-04-01 00:45:00,C04,39094629.22603943,-234144.70995816495,10.967178512655869,5.2966974414170505,38860468.25220531
2026-04-01 00:45:00,C05,39653432.74880564,-172527.48223511892,14.24770568083032,6.881057524378888,39480884.13780732
2026-04-01 00:45:00,C06,35786870.60977167,-29344.34592835192,5.009889461800685,2.4195711470803687,35757518.83438271
2026-04-01 00:45:00,C07,36170652.02212087,184684.80732129602,5.353005797922148,2.585282265719108,36355328.8911541
2026-04-01 00:45:00,C08,43093682.81673678,-161167.29239000758,57.36856622834928,27.706664718624786,42932430.44911582
2026-04-01 00:45:00,C09,36212712.62218723,-74243.46525143909,5.166175485582242,2.4950508870460992,36138461.49570942
2026-04-01 00:45:00,C10,37100156.60642767,-30120.303725886606,5.9067975507312855,2.852740970507864,37070027.54316326
2026-04-01 00:45:00,C11,27662759.960162643,-3658.170666939347,57.36856622834928,27.706664718624786,27659016.714264754
2026-04-01 00:45:00,C12,31899409.51046216,115446.57827475124,57.36856622834928,27.706664718624786,32014771.013505965
2026-04-01 00:45:00,C13,42737636.0250381,-117812.6730309964,57.36856622834928,27.706664718624786,42619738.27677616
2026-04-01 00:45:00,C14,30521263.939287122,-172880.76964511184,57.36856622834928,27.706664718624786,30348298.09441106
2026-04-01 00:45:00,C16,36129027.35519783,-244731.53935484443,5.105526031445042,2.465759688021561,35884288.24455727
2026-04-01 00:45:00,C19,27386377.785611898,-286318.23141469783,57.36856622834928,27.706664718624786,27099974.47896625
2026-04-01 00:45:00,C20,26971253.24621288,-279460.50670147367,57.36856622834928,27.706664718624786,26691707.66428046
2026-04-01 00:45:00,C21,30005141.554305006,-258970.14329394855,57.36856622834928,27.706664718624786,29746086.33578011
2026-04-01 00:45:00,C22,28244434.864025984,134180.12595813745,57.36856622834928,27.706664718624786,28378529.914753173
2026-04-01 00:45:00,C23,23687882.30257395,-141697.6850759058,8.164492009936652,3.9431148029183505,23546172.50989123
2026-04-01 00:45:00,C24,32466911.09894237,-60548.9023592024,57.36856622834928,27.706664718624786,32406277.121352218
2026-04-01 00:45:00,C25,27477420.347640045,270873.06345361745,57.36856622834928,27.706664718624786,27748208.335862715
2026-04-01 00:45:00,C26,34284575.018580444,-185456.81156916698,57.36856622834928,27.706664718624786,34099033.13178033
2026-04-01 00:45:00,C27,22432101.198354997,184156.95329771767,6.379108104467485,3.0808475978087615,22616248.691697013
2026-04-01 00:45:00,C28,21579705.15712049,150294.86517081302,5.208949797699154,2.515709125560826,21729992.29763238
2026-04-01 00:45:00,C29,31402291.67852025,175112.467249351,57.36856622834928,27.706664718624786,31577319.070538655
2026-04-01 00:45:00,C30,27031215.274686042,125419.72073324303,57.36856622834928,27.706664718624786,27156549.920188338
2026-04-01 00:45:00,C32,27747072.360329542,-279260.2915109507,57.36856622834928,27.706664718624786,27467726.993587643
2026-04-01 00:45:00,C33,30326658.68929818,-276945.31523295655,57.36856622834928,27.706664718624786,30049628.298834275
2026-04-01 00:45:00,C34,29844402.11578824,274527.6468468106,57.36856622834928,27.706664718624786,30118844.687404104
2026-04-01 00:45:00,C35,34251369.09988355,-98378.24955449774,57.36856622834928,27.706664718624786,34152905.7750981
2026-04-01 00:45:00,C36,29197222.518675663,87634.7302321379,57.36856622834928,27.706664718624786,29284772.173676852
2026-04-01 00:45:00,C37,22091958.916109122,-286216.19290861883,5.273441359705176,2.546855905115484,21805734.90290324
2026-04-01 00:45:00,C38,42283408.429552235,84430.7361944782,57.36856622834928,27.706664718624786,42367754.09051576
2026-04-01 00:45:00,C39,36033306.93121024,-6487.637910342939,5.334682140418584,2.5764326906251553,36026811.38218507
2026-04-01 00:45:00,C40,36091400.81416724,-65939.40628936989,5.077023299078501,2.451994037227691,36025453.87886053
2026-04-01 00:45:00,C41,29177009.21648592,-281630.82478858164,57.36856622834928,27.706664718624786,28895293.31646639
2026-04-01 00:45:00,C42,30663534.947351422,-269080.92607747525,57.36856622834928,27.706664718624786,30394368.946043
2026-04-01 00:45:00,C43,24948109.94944321,40537.96676192216,14.035142598735677,6.778398273253252,24988627.10266426
2026-04-01 00:45:00,C44,33314973.371675245,252565.2658288225,57.36856622834928,27.706664718624786,33567453.56227312
2026-04-01 00:45:00,C45,33054276.29927296,-231950.94872101158,57.36856622834928,27.706664718624786,32822240.275321
2026-04-01 00:45:00,C46,24595178.186109036,-108908.04116503763,11.289297853234029,5.4522678723261855,24486253.40337827
2026-04-01 00:45:00,C47,29992769.90613807,-174471.8660662289,57.36856622834928,27.706664718624786,29818212.964840893
2026-04-01 00:45:00,C48,26606794.64030202,198723.77336994765,57.36856622834928,27.706664718624786,26805433.33844102
2026-04-01 00:45:00,C49,23229563.005480576,-281102.86662621325,6.924300042017004,3.344152944518253,22948449.870401375
2026-04-01 00:45:00,C50,30310483.322764955,-114591.55368413507,57.36856622834928,27.706664718624786,30195806.693849873
2026-04-01 00:45:00,C59,37414707.15994822,-175.07696504870998,7.069472616327848,3.4142653441686135,37414521.59924521
2026-04-01 00:45:00,C60,38033700.4198841,102.3986221515824,8.351500453061922,4.033432211455282,38033790.433573596
2026-04-01 00:50:00,C01,37837389.48748613,-149742.212199149,7.701011578267268,3.719272762439372,37687635.85500264
2026-04-01 00:50:00,C02,37831401.53627194,-14056.941967736177,7.848401216223728,3.7904559129055095,37817332.95544707
2026-04-01 00:50:00,C03,36686456.810233004,235598.70408193686,6.289157400361599,3.0374050967369035,36922046.18775245
2026-04-01 00:50:00,C04,39093621.23821278,-234142.63992364812,10.960417893031574,5.293432339401516,38859462.344438896
2026-04-01 00:50:00,C05,39656786.07358981,-172525.81288468945,14.278259977516292,6.895813996601359,39484239.08663115
2026-04-01 00:50:00,C06,35780597.31397102,-29346.137836359365,5.0091716089677485,2.419224453602266,35751243.74773859
2026-04-01 00:50:00,C07,36164838.18421132,184687.0138744322,5.346843047565333,2.5823059100402643,36349517.2689368
2026-04-01 00:50:00,C08,43095054.550133735,-161166.0603591424,57.36856622834928,27.706664718624786,42933803.41454364
2026-04-01 00:50:00,C09,36179911.980942346,-74240.52106663669,5.148022039555064,2.4862835171146176,36105663.82557015
2026-04-01 00:50:00,C10,37091352.22844607,-30122.069616595592,5.891833112935898,2.8455137607663974,37061221.4214826
2026-04-01 00:50:00,C11,27845991.173126698,-3656.834146014683,57.36856622834928,27.706664718624786,27842249.263749734
2026-04-01 00:50:00,C12,32038531.623676904,115449.781714152,57.36856622834928,27.706664718624786,32153896.330160107
2026-04-01 00:50:00,C13,42756608.94425853,-117814.42095120135,57.36856622834928,27.706664718624786,42638709.44807638
2026-04-01 00:50:00,C14,30432258.23625487,-172884.60746117527,57.36856622834928,27.706664718624786,30259288.553562745
2026-04-01 00:50:00,C16,36126154.244993806,-244730.9581111872,5.112069259907547,2.4689197990214833,35881415.70589356
2026-04-01 00:50:00,C19,27451088.19114177,-286317.8572394601,57.36856622834928,27.706664718624786,27164685.258671362
2026-04-01 00:50:00,C20,27090136.398336124,-279459.9051730542,57.36856622834928,27.706664718624786,26810591.41793212
2026-04-01 00:50:00,C21,29910397.170496847,-258969.84185192545,57.36856622834928,27.706664718624786,29651342.253413975
2026-04-01 00:50:00,C22,28216984.24014289,134180.29758658775,57.36856622834928,27.706664718624786,28351079.462498527
2026-04-01 00:50:00,C23,23789938.89390976,-141697.32230716385,8.422122260174417,4.067539647985958,23648229.081940692
2026-04-01 00:50:00,C24,32571005.38830631,-60551.779563114644,57.36856622834928,27.706664718624786,32510368.533512246
2026-04-01 00:50:00,C25,27626873.139017016,270872.2226325182,57.36856622834928,27.706664718624786,27897660.286418587
2026-04-01 00:50:00,C26,34311634.92357432,-185457.30675848722,57.36856622834928,27.706664718624786,34126092.54158489
2026-04-01 00:50:00,C27,22307244.46459195,184157.38787845027,6.190020785419586,2.989526177458973,22491392.67292344
2026-04-01 00:50:00,C28,21594929.31872082,150295.25187544804,5.224933257901995,2.5234284813334775,21745216.82223453
2026-04-01 00:50:00,C29,31266118.140598416,175112.93794329045,57.36856622834928,27.706664718624786,31441146.00331076
2026-04-01 00:50:00,C30,26843256.97713466,125420.4401337904,57.36856622834928,27.706664718624786,26968592.342037503
2026-04-01 00:50:00,C32,27848289.674007382,-279259.9199661671,57.36856622834928,27.706664718624786,27568944.678810265
2026-04-01 00:50:00,C33,30267394.334166344,-276945.08010203106,57.36856622834928,27.706664718624786,29990364.178833365
2026-04-01 00:50:00,C34,30012321.786406048,274528.3570977133,57.36856622834928,27.706664718624786,30286765.068272814
2026-04-01 00:50:00,C35,34231062.20078796,-98379.56228280433,57.36856622834928,27.706664718624786,34132597.56327421
2026-04-01 00:50:00,C36,29056038.483500727,87634.5003556804,57.36856622834928,27.706664718624786,29143587.908625457
2026-04-01 00:50:00,C37,22060859.61279781,-286216.9866101959,5.238895938895447,2.5301718836231366,21774634.857119795
2026-04-01 00:50:00,C38,42254980.53174646,84430.88689527269,57.36856622834928,27.706664718624786,42339326.34341078
2026-04-01 00:50:00,C39,36051816.8155267,-6487.738972549044,5.357363766712577,2.5873869859181458,36045321.13180339
2026-04-01 00:50:00,C40,36092925.099252485,-65939.61749135374,5.080052705648821,2.4534571163607164,36026977.94825131
2026-04-01 00:50:00,C41,29197814.93257345,-281630.8640179762,57.36856622834928,27.706664718624786,28916098.993324526
2026-04-01 00:50:00,C42,30557976.028296717,-269080.7736005062,57.36856622834928,27.706664718624786,30288810.17946526
2026-04-01 00:50:00,C43,25112654.049947847,40538.02209894032,15.229532695118303,7.355239706103396,25153169.487274386
2026-04-01 00:50:00,C44,33398451.110778265,252564.47749645243,57.36856622834928,27.706664718624786,33650930.51304377
2026-04-01 00:50:00,C45,32978075.70828463,-231952.79158225463,57.36856622834928,27.706664718624786,32746037.84147143
2026-04-01 00:50:00,C46,24452940.8689043,-108908.417942756,10.683790957695361,5.159832874513484,24344016.60733771
2026-04-01 00:50:00,C47,29824524.771360982,-174473.8005830248,57.36856622834928,27.706664718624786,29649965.89554701
2026-04-01 00:50:00,C48,26706036.08773914,198723.34970600085,57.36856622834928,27.706664718624786,26904674.362214193
2026-04-01 00:50:00,C49,23340521.132592347,-281102.2422615791,7.129121632258558,3.443073372568867,23059408.318135764
2026-04-01 00:50:00,C50,30206433.452167194,-114590.83481184395,57.36856622834928,27.706664718624786,30091757.5421244
2026-04-01 00:50:00,C59,37413775.39261522,-175.08408124473974,7.068190314310115,3.413646044883149,37413589.82669762
2026-04-01 00:50:00,C60,38035632.7864091,102.4087508453616,8.356846736978866,4.036014247328164,38035722.80229897
2026-04-01 00:55:00,C01,37837430.23876186,-149741.89851058493,7.701266633123559,3.7193959434747845,37687676.9195887
2026-04-01 00:55:00,C02,37835685.23693551,-14058.488663370752,7.859809360926778,3.7959655789322118,37821615.0924972
2026-04-01 00:55:00,C03,36686674.69119133,235597.8665219982,6.290570218973403,3.038087430184626,36922263.22905568
2026-04-01 00:55:00,C04,39092514.64223183,-234140.56959430422,10.9532339259619,5.289962777931968,38858357.829440825
2026-04-01 00:55:00,C05,39660129.02850638,-172524.14404883693,14.308802168315742,6.9105646221771195,39487583.665090755
2026-04-01 00:55:00,C06,35776345.2272873,-29347.93206308152,5.010311506822184,2.4197749775170627,35746989.86513773
2026-04-01 00:55:00,C07,36160084.92363824,184689.2203317109,5.3418987062763925,2.5799179959724476,36344766.22215325
2026-04-01 00:55:00,C08,43092334.693983115,-161164.82697186043,57.36856622834928,27.706664718624786,42931084.79178031
2026-04-01 00:55:00,C09,36148471.98014446,-74237.58310429382,5.131378864672211,2.478245546207393,36074226.78741575
2026-04-01 00:55:00,C10,37083593.284630395,-30123.83429107481,5.878495386591523,2.8390721859419292,37053460.73277175
2026-04-01 00:55:00,C11,28029226.81600769,-3655.4980647941193,57.36856622834928,27.706664718624786,28025486.242711946
2026-04-01 00:55:00,C12,32173403.849497862,115452.98439025864,57.36856622834928,27.706664718624786,32288771.758657172
2026-04-01 00:55:00,C13,42771741.465009674,-117816.16780039019,57.36856622834928,27.706664718624786,42653840.22197834
2026-04-01 00:55:00,C14,30340222.83328137,-172888.44530325322,57.36856622834928,27.706664718624786,30167249.31274717
2026-04-01 00:55:00,C16,36125477.236003265,-244730.38105127605,5.120736885178223,2.4731059065551,35880739.261109196
2026-04-01 00:55:00,C19,27521367.105842702,-286317.4832338711,57.36856622834928,27.706664718624786,27234964.54737788
2026-04-01 00:55:00,C20,27209113.086070236,-279459.30409483565,57.36856622834928,27.706664718624786,26929568.70674445
2026-04-01 00:55:00,C21,29820502.197808705,-258969.53935898762,57.36856622834928,27.706664718624786,29561447.58321877
2026-04-01 00:55:00,C22,28197249.586607248,134180.47010688158,57.36856622834928,27.706664718624786,28331344.98148318
2026-04-01 00:55:00,C23,23896626.613081988,-141696.95959632975,8.707862392906764,4.205540413470633,23754916.740082853
2026-04-01 00:55:00,C24,32673622.7826498,-60554.65715672335,57.36856622834928,27.706664718624786,32612983.050262127
2026-04-01 00:55:00,C25,27777936.95405356,270871.3819968964,57.36856622834928,27.706664718624786,28048723.260819506
2026-04-01 00:55:00,C26,34335478.36058504,-185457.80301259772,57.36856622834928,27.706664718624786,34149935.4823415
2026-04-01 00:55:00,C27,22189380.049364146,184157.82163457052,6.020475623321479,2.907642817463202,22373528.942880277
2026-04-01 00:55:00,C28,21619020.316438332,150295.63865194,5.250797953719112,2.535920068663753,21769308.16837225
2026-04-01 00:55:00,C29,31126450.85053867,175113.40854686702,57.36856622834928,27.706664718624786,31301479.18385459
2026-04-01 00:55:00,C30,26655881.648682043,125421.1587719651,57.36856622834928,27.706664718624786,26781217.73222306
2026-04-01 00:55:00,C32,27943605.893385496,-279259.5493025541,57.36856622834928,27.706664718624786,27664261.26885199
2026-04-01 00:55:00,C33,30202830.58623225,-276944.8452770894,57.36856622834928,27.706664718624786,29925800.66572421
2026-04-01 00:55:00,C34,30177546.519168492,274529.06816641253,57.36856622834928,27.706664718624786,30451990.512103956
2026-04-01 00:55:00,C35,34205255.71954629,-98380.8749936507,57.36856622834928,27.706664718624786,34106789.76932169
2026-04-01 00:55:00,C36,28911952.14584877,87634.27118590519,57.36856622834928,27.706664718624786,28999501.341803726
2026-04-01 00:55:00,C37,22034732.037719,-286217.77981906803,5.210198167380194,2.516312036919283,21748506.53138973
2026-04-01 00:55:00,C38,42222908.410043396,84431.03832853395,57.36856622834928,27.706664718624786,42307254.37314098
2026-04-01 00:55:00,C39,36072812.46796396,-6487.84129625472,5.382802099884314,2.599672657576464,36066316.64419294
2026-04-01 00:55:00,C40,36096056.6445959,-65939.82957539665,5.084681434256977,2.455692602447456,36030109.27464646
2026-04-01 00:55:00,C41,29211121.64984595,-281630.9036022721,57.36856622834928,27.706664718624786,28929405.67101273
2026-04-01 00:55:00,C42,30452272.508001897,-269080.6194050541,57.36856622834928,27.706664718624786,30183106.813365895
2026-04-01 00:55:00,C43,25280099.612012602,40538.077925322876,16.662371310396164,8.04724199445385,25320612.980324622
2026-04-01 00:55:00,C44,33476695.625731684,252563.68996526662,57.36856622834928,27.706664718624786,33729174.240466
2026-04-01 00:55:00,C45,32898048.792779446,-231954.6348023584,57.36856622834928,27.706664718624786,32666009.082746137
2026-04-01 00:55:00,C46,24311178.233051993,-108908.79392766269,10.138277465168915,4.8963722299375805,24202254.40447464
2026-04-01 00:55:00,C47,29654049.8515299,-174475.73541132882,57.36856622834928,27.706664718624786,29479489.040887624
2026-04-01 00:55:00,C48,26807704.670039475,198722.92575445407,57.36856622834928,27.706664718624786,27006342.52056298
2026-04-01 00:55:00,C49,23457976.009028338,-281101.61780988943,7.358250910581187,3.5537334170684347,23176863.47923412
2026-04-01 00:55:00,C50,30104873.419871565,-114590.11556242584,57.36856622834928,27.706664718624786,29990198.229078192
2026-04-01 00:55:00,C59,37412853.36597153,-175.0912765037474,7.066925081764764,3.4130349894528007,37412667.794734955
2026-04-01 00:55:00,C60,38037495.66017599,102.4187654949512,8.362024185876479,4.0385147428108805,38037585.67840255
2026-04-01 01:00:00,C01,37837464.45550038,-149741.58484461776,7.701427292104192,3.719473535173568,37687711.44975493
2026-04-01 01:00:00,C02,37839907.813753955,-14060.035802880162,7.871091591116733,3.8014144334130293,37825836.10544506
2026-04-01 01:00:00,C03,36686860.57342516,235597.0286306641,6.291921900438249,3.0387402368976923,36922448.27139369
2026-04-01 01:00:00,C04,39091321.33499678,-234138.49896876063,10.945631618584262,5.286291175250428,38857166.604105234
2026-04-01 01:00:00,C05,39663472.12346606,-172522.47572356736,14.339314412863892,6.925300784941643,39490928.383127294
2026-04-01 01:00:00,C06,35774208.71062292,-29349.728599224225,5.013382778666945,2.4212582758606858,35744851.547382645
2026-04-01 01:00:00,C07,36156344.36880146,184691.42665112604,5.3381029858723,2.5780848186853733,36341027.87926478
2026-04-01 01:00:00,C08,43085546.217736594,-161163.5922245106,57.36856622834928,27.706664718624786,42924297.55028114
2026-04-01 01:00:00,C09,36118512.24123023,-74234.65140103556,5.116313566831698,2.4709696252005497,36044270.002546
2026-04-01 01:00:00,C10,37076836.99818466,-30125.597840342358,5.8666971621457,2.833374127397214,37046702.70027303
2026-04-01 01:00:00,C11,28212142.374289844,-3654.162505009643,57.36856622834928,27.706664718624786,28208403.136553887
2026-04-01 01:00:00,C12,32303889.86438503,115456.18627458309,57.36856622834928,27.706664718624786,32419260.975428667
2026-04-01 01:00:00,C13,42783045.36650033,-117817.9135315348,57.36856622834928,27.706664718624786,42665142.37773785
2026-04-01 01:00:00,C14,30245538.445593875,-172892.28310479957,57.36856622834928,27.706664718624786,30072561.087258127
2026-04-01 01:00:00,C16,36127083.36297397,-244729.80817106206,5.131615638107183,2.4783598980660564,35882345.94482737
2026-04-01 01:00:00,C19,27596850.22502893,-286317.1094490648,57.36856622834928,27.706664718624786,27310448.040348914
2026-04-01 01:00:00,C20,27327729.292228516,-279458.70350665087,57.36856622834928,27.706664718624786,27048185.513490915
2026-04-01 01:00:00,C21,29735802.293644696,-258969.2358110053,57.36856622834928,27.706664718624786,29476747.98260274
2026-04-01 01:00:00,C22,28185249.589743562,134180.64351712653,57.36856622834928,27.706664718624786,28319345.15802974
2026-04-01 01:00:00,C23,24007958.63699857,-141696.59695047472,9.025637582030276,4.359012797387244,23866248.655397717
2026-04-01 01:00:00,C24,32774617.02138931,-60557.53516760373,57.36856622834928,27.706664718624786,32713974.410990756
2026-04-01 01:00:00,C25,27930493.186272644,270870.5415195872,57.36856622834928,27.706664718624786,28201278.65256128
2026-04-01 01:00:00,C26,34355977.84322046,-185458.30034381346,57.36856622834928,27.706664718624786,34170434.4676457
2026-04-01 01:00:00,C27,22078752.556019988,184158.25457484115,5.868664806795881,2.8343244190672365,22262902.107605603
2026-04-01 01:00:00,C28,21651821.237603843,150296.0255035955,5.286610998592453,2.5532163005916892,21802109.42328014
2026-04-01 01:00:00,C29,30983528.8542164,175113.87904620485,57.36856622834928,27.706664718624786,31158557.658031657
2026-04-01 01:00:00,C30,26469412.076631945,125421.87664791894,56.46212938962256,27.268892899833876,26594750.222257577
2026-04-01 01:00:00,C32,28032790.64869628,-279259.17951692385,57.36856622834928,27.706664718624786,27753446.39394841
2026-04-01 01:00:00,C33,30133260.001184706,-276944.61073089147,57.36856622834928,27.706664718624786,29856230.315222867
2026-04-01 01:00:00,C34,30339877.687839672,274529.7800578991,57.36856622834928,27.706664718624786,30614322.392666623
2026-04-01 01:00:00,C35,34174062.75508427,-98382.1877335255,57.36856622834928,27.706664718624786,34075595.4921198
2026-04-01 01:00:00,C36,28765028.43260221,87634.04272261464,57.36856622834928,27.706664718624786,28852577.40009388
2026-04-01 01:00:00,C37,22013832.106106132,-286218.5725539709,5.187449626575585,2.505325424661928,21727605.84077711
2026-04-01 01:00:00,C38,42187245.371831246,84431.19050874012,57.36856622834928,27.706664718624786,42271591.487109035
2026-04-01 01:00:00,C39,36096353.63669511,-6487.944859715734,5.411112286016003,2.6133453164355056,36089857.66737779
2026-04-01 01:00:00,C40,36100723.12805154,-65940.04257241778,5.090836659216908,2.458665323668232,36034775.53597714
2026-04-01 01:00:00,C41,29216989.672129888,-281630.9434555021,57.36856622834928,27.706664718624786,28935273.653443437
2026-04-01 01:00:00,C42,30346849.532683175,-269080.46346241486,57.36856622834928,27.706664718624786,30077683.99398981
2026-04-01 01:00:00,C43,25450073.81694081,40538.13426707757,18.407865202185203,8.890243958904339,25490584.653098725
2026-04-01 01:00:00,C44,33549688.02697642,252562.9032059625,57.36856622834928,27.706664718624786,33802165.854951434
2026-04-01 01:00:00,C45,32814141.661253434,-231956.47836078802,57.36856622834928,27.706664718624786,32582100.107661698
2026-04-01 01:00:00,C46,24170137.378129896,-108909.1690935673,9.64503401553816,4.658155872408604,24061213.90584644
2026-04-01 01:00:00,C47,29481630.173261616,-174477.67054528702,57.36856622834928,27.706664718624786,29307067.42748538
2026-04-01 01:00:00,C48,26911349.809085093,198722.50150242753,57.36856622834928,27.706664718624786,27109987.235356573
2026-04-01 01:00:00,C49,23581562.305818148,-281100.9932505888,7.614224495920171,3.6773581609322066,23300450.0209849
2026-04-01 01:00:00,C50,30006210.05176913,-114589.39592785404,57.36856622834928,27.706664718624786,29891535.580610327
2026-04-01 01:00:00,C59,37411954.12223663,-175.09855231398984,7.0656774909603195,3.4124324542597964,37411768.54557437
2026-04-01 01:00:00,C60,38039295.4411348,102.4286656254429,8.367029438532931,4.040932074571141,38039385.461838916
